log,method,accuracy,f1
BPIC15_1,one_hot,0.30306442531971367,0.2813696452117086
