log,method,accuracy,f1
BPIC13_closed_problems,one_hot,0.6361111111111111,0.6160038399963024
