log,method,accuracy,f1
BPI_2020_DomesticDeclarations,one_hot,0.9053614251455978,0.8683560568516616
