log,method,accuracy,f1
BPIC13_open_problems,one_hot,0.38268156424581007,0.2151122438530419
