log,method,accuracy,f1
BPIC15_4,one_hot,0.33723161260849704,0.3189966201207262
