log,method,accuracy,f1
BPI_2020_PermitLog,one_hot,0.77994447829914,0.7634330837327449
