log,method,accuracy,f1
BPIC12_A,one_hot,0.7812846540987802,0.747747257223086
