r,w,diameter,precision@w-1,precision@1,triplet
1,2,0.7369495575510044,0.0,0.0,0.7857142857142857
2,2,0.6797563307908729,0.0,0.0,0.7155172413793103
