method,accuracy,f1
one_hot,0.8649823217442546,0.8765857015741856
