log_name,method,I_comp,I_nn,I_prec,I_tri
BPIC12,Activity-Activitiy Co Occurrence Bag Of Words PMI w_3,0.9189,0.8757,0.8752,0.9429
BPIC12,Activity-Activitiy Co Occurrence Bag Of Words PMI w_5,0.8665,0.7747,0.7403,0.8936
BPIC12,Activity-Activitiy Co Occurrence Bag Of Words PMI w_9,0.8016,0.6557,0.6405,0.8674
BPIC12,Activity-Activitiy Co Occurrence Bag Of Words PPMI w_3,0.8937,0.8676,0.8654,0.9394
BPIC12,Activity-Activitiy Co Occurrence Bag Of Words PPMI w_5,0.7782,0.7386,0.7101,0.8844
BPIC12,Activity-Activitiy Co Occurrence Bag Of Words PPMI w_9,0.6553,0.6092,0.5904,0.8386
BPIC12,Activity-Activitiy Co Occurrence Bag Of Words w_3,0.8106,0.7369,0.7126,0.9227
BPIC12,Activity-Activitiy Co Occurrence Bag Of Words w_5,0.6355,0.6568,0.6232,0.8712
BPIC12,Activity-Activitiy Co Occurrence Bag Of Words w_9,0.5564,0.5659,0.5247,0.8237
BPIC12,Activity-Activitiy Co Occurrence N-Gram PMI w_3,0.9043,0.8762,0.8793,0.9335
BPIC12,Activity-Activitiy Co Occurrence N-Gram PMI w_5,0.8302,0.7776,0.766,0.8692
BPIC12,Activity-Activitiy Co Occurrence N-Gram PMI w_9,0.7863,0.6484,0.6293,0.7429
BPIC12,Activity-Activitiy Co Occurrence N-Gram PPMI w_3,0.8884,0.8649,0.8657,0.9308
BPIC12,Activity-Activitiy Co Occurrence N-Gram PPMI w_5,0.7545,0.736,0.7234,0.8599
BPIC12,Activity-Activitiy Co Occurrence N-Gram PPMI w_9,0.6255,0.6114,0.5937,0.7187
BPIC12,Activity-Activitiy Co Occurrence N-Gram w_3,0.8041,0.7179,0.6868,0.9116
BPIC12,Activity-Activitiy Co Occurrence N-Gram w_5,0.6074,0.692,0.6507,0.8525
BPIC12,Activity-Activitiy Co Occurrence N-Gram w_9,0.5377,0.604,0.5758,0.7915
BPIC12,Activity-Context Bag Of Words PMI w_3,0.744,0.8138,0.8052,0.89
BPIC12,Activity-Context Bag Of Words PMI w_5,0.5884,0.6993,0.6856,0.7928
BPIC12,Activity-Context Bag Of Words PMI w_9,0.4587,0.5934,0.5905,0.6641
BPIC12,Activity-Context Bag Of Words PPMI w_3,0.6283,0.7847,0.7706,0.8841
BPIC12,Activity-Context Bag Of Words PPMI w_5,0.5107,0.6953,0.6814,0.7898
BPIC12,Activity-Context Bag Of Words PPMI w_9,0.4278,0.5921,0.5885,0.6435
BPIC12,Activity-Context Bag Of Words w_3,0.623,0.691,0.6398,0.8734
BPIC12,Activity-Context Bag Of Words w_5,0.5359,0.6639,0.6181,0.8034
BPIC12,Activity-Context Bag Of Words w_9,0.5237,0.6216,0.5985,0.6879
BPIC12,Activity-Context N-Grams PMI w_3,0.7233,0.8172,0.8113,0.8903
BPIC12,Activity-Context N-Grams PMI w_5,0.5584,0.7476,0.7386,0.8046
BPIC12,Activity-Context N-Grams PMI w_9,0.4293,0.6634,0.6561,0.6756
BPIC12,Activity-Context N-Grams PPMI w_3,0.6115,0.7862,0.7703,0.8848
BPIC12,Activity-Context N-Grams PPMI w_5,0.4891,0.7399,0.7258,0.804
BPIC12,Activity-Context N-Grams PPMI w_9,0.4034,0.6633,0.6561,0.691
BPIC12,Activity-Context N-Grams w_3,0.6226,0.702,0.6612,0.8748
BPIC12,Activity-Context N-Grams w_5,0.533,0.7201,0.6966,0.8106
BPIC12,Activity-Context N-Grams w_9,0.5018,0.6519,0.6333,0.6915
BPIC12,Bose 2009 Substitution Scores w_3,0.7616,0.6874,0.6511,0.8877
BPIC12,Bose 2009 Substitution Scores w_5,0.7295,0.704,0.6797,0.8467
BPIC12,Bose 2009 Substitution Scores w_9,0.6784,0.6202,0.5948,0.7964
BPIC12,Chiorrini 2022 Embedding Process Structure,0.9868,0.7202,0.7347,0.9254
BPIC12,De Koninck 2018 act2vec CBOW w_3,0.7662,0.6419,0.6315,0.812
BPIC12,De Koninck 2018 act2vec CBOW w_5,0.7568,0.6405,0.6398,0.7992
BPIC12,De Koninck 2018 act2vec CBOW w_9,0.7424,0.6356,0.6378,0.7813
BPIC12,De Koninck 2018 act2vec skip-gram w_3,0.7211,0.5959,0.5937,0.8399
BPIC12,De Koninck 2018 act2vec skip-gram w_5,0.7032,0.5773,0.5837,0.8081
BPIC12,De Koninck 2018 act2vec skip-gram w_9,0.6832,0.5555,0.5654,0.7652
BPIC12,Unit Distance,0.0,0.0275,0.0505,0.0
BPIC12_A,Activity-Activitiy Co Occurrence Bag Of Words PMI w_3,0.8403,0.7723,0.7704,0.8412
BPIC12_A,Activity-Activitiy Co Occurrence Bag Of Words PMI w_5,0.7639,0.7377,0.7672,0.7392
BPIC12_A,Activity-Activitiy Co Occurrence Bag Of Words PMI w_9,0.7772,0.7329,0.7577,0.74
BPIC12_A,Activity-Activitiy Co Occurrence Bag Of Words PPMI w_3,0.8331,0.7689,0.7675,0.8399
BPIC12_A,Activity-Activitiy Co Occurrence Bag Of Words PPMI w_5,0.7315,0.7411,0.7659,0.7394
BPIC12_A,Activity-Activitiy Co Occurrence Bag Of Words PPMI w_9,0.7321,0.7363,0.7577,0.74
BPIC12_A,Activity-Activitiy Co Occurrence Bag Of Words w_3,0.7821,0.715,0.7118,0.8247
BPIC12_A,Activity-Activitiy Co Occurrence Bag Of Words w_5,0.7059,0.7091,0.7426,0.7335
BPIC12_A,Activity-Activitiy Co Occurrence Bag Of Words w_9,0.7016,0.7168,0.7452,0.7359
BPIC12_A,Activity-Activitiy Co Occurrence N-Gram PMI w_3,0.8224,0.7746,0.7716,0.8041
BPIC12_A,Activity-Activitiy Co Occurrence N-Gram PMI w_5,0.7438,0.7412,0.763,0.7039
BPIC12_A,Activity-Activitiy Co Occurrence N-Gram PMI w_9,0.7548,0.7414,0.763,0.704
BPIC12_A,Activity-Activitiy Co Occurrence N-Gram PPMI w_3,0.8074,0.7746,0.7716,0.8041
BPIC12_A,Activity-Activitiy Co Occurrence N-Gram PPMI w_5,0.7017,0.7412,0.763,0.7039
BPIC12_A,Activity-Activitiy Co Occurrence N-Gram PPMI w_9,0.7016,0.7414,0.763,0.704
BPIC12_A,Activity-Activitiy Co Occurrence N-Gram w_3,0.7778,0.7557,0.7407,0.8
BPIC12_A,Activity-Activitiy Co Occurrence N-Gram w_5,0.6969,0.7366,0.7554,0.703
BPIC12_A,Activity-Activitiy Co Occurrence N-Gram w_9,0.689,0.7366,0.7554,0.703
BPIC12_A,Activity-Context Bag Of Words PMI w_3,0.7965,0.7494,0.7467,0.8074
BPIC12_A,Activity-Context Bag Of Words PMI w_5,0.6963,0.7348,0.7577,0.7103
BPIC12_A,Activity-Context Bag Of Words PMI w_9,0.65,0.7333,0.7555,0.7075
BPIC12_A,Activity-Context Bag Of Words PPMI w_3,0.7007,0.7733,0.7598,0.8044
BPIC12_A,Activity-Context Bag Of Words PPMI w_5,0.6426,0.7344,0.7575,0.704
BPIC12_A,Activity-Context Bag Of Words PPMI w_9,0.6161,0.7328,0.7555,0.7039
BPIC12_A,Activity-Context Bag Of Words w_3,0.7187,0.7959,0.7922,0.8084
BPIC12_A,Activity-Context Bag Of Words w_5,0.6785,0.7341,0.7577,0.704
BPIC12_A,Activity-Context Bag Of Words w_9,0.6663,0.7341,0.7577,0.704
BPIC12_A,Activity-Context N-Grams PMI w_3,0.7492,0.7765,0.7619,0.804
BPIC12_A,Activity-Context N-Grams PMI w_5,0.6826,0.7416,0.763,0.704
BPIC12_A,Activity-Context N-Grams PMI w_9,0.61,0.7266,0.7478,0.7023
BPIC12_A,Activity-Context N-Grams PPMI w_3,0.6961,0.7765,0.7619,0.804
BPIC12_A,Activity-Context N-Grams PPMI w_5,0.641,0.7416,0.763,0.704
BPIC12_A,Activity-Context N-Grams PPMI w_9,0.5942,0.726,0.7468,0.7022
BPIC12_A,Activity-Context N-Grams w_3,0.7245,0.8086,0.8033,0.8092
BPIC12_A,Activity-Context N-Grams w_5,0.677,0.7418,0.763,0.704
BPIC12_A,Activity-Context N-Grams w_9,0.6571,0.7418,0.763,0.704
BPIC12_A,Bose 2009 Substitution Scores w_3,0.6982,0.8473,0.844,0.8922
BPIC12_A,Bose 2009 Substitution Scores w_5,0.5874,0.7167,0.7125,0.8013
BPIC12_A,Bose 2009 Substitution Scores w_9,0.5829,0.7105,0.704,0.7967
BPIC12_A,Chiorrini 2022 Embedding Process Structure,1.0,0.7646,0.7502,0.9283
BPIC12_A,De Koninck 2018 act2vec CBOW w_3,0.8219,0.7881,0.794,0.8909
BPIC12_A,De Koninck 2018 act2vec CBOW w_5,0.8243,0.7864,0.79,0.9047
BPIC12_A,De Koninck 2018 act2vec CBOW w_9,0.8264,0.7807,0.7875,0.9138
BPIC12_A,De Koninck 2018 act2vec skip-gram w_3,0.7903,0.7598,0.7546,0.8955
BPIC12_A,De Koninck 2018 act2vec skip-gram w_5,0.7905,0.7529,0.7476,0.895
BPIC12_A,De Koninck 2018 act2vec skip-gram w_9,0.7921,0.7545,0.7446,0.8972
BPIC12_A,Gamallo Fernandez 2023 Context Based w_3,0.2955,0.0391,0.0319,0.4124
BPIC12_A,Unit Distance,0.0,0.0765,0.0854,0.0
BPIC12_Complete,Activity-Activitiy Co Occurrence Bag Of Words PMI w_3,0.953,0.9247,0.941,0.9716
BPIC12_Complete,Activity-Activitiy Co Occurrence Bag Of Words PMI w_5,0.9315,0.8856,0.877,0.9745
BPIC12_Complete,Activity-Activitiy Co Occurrence Bag Of Words PMI w_9,0.8749,0.8119,0.8131,0.9419
BPIC12_Complete,Activity-Activitiy Co Occurrence Bag Of Words PPMI w_3,0.9462,0.9152,0.9279,0.9708
BPIC12_Complete,Activity-Activitiy Co Occurrence Bag Of Words PPMI w_5,0.9064,0.8685,0.8567,0.9702
BPIC12_Complete,Activity-Activitiy Co Occurrence Bag Of Words PPMI w_9,0.7975,0.7769,0.7693,0.9157
BPIC12_Complete,Activity-Activitiy Co Occurrence Bag Of Words w_3,0.8945,0.8184,0.8264,0.961
BPIC12_Complete,Activity-Activitiy Co Occurrence Bag Of Words w_5,0.7957,0.7981,0.7696,0.9634
BPIC12_Complete,Activity-Activitiy Co Occurrence Bag Of Words w_9,0.7187,0.7511,0.7239,0.9121
BPIC12_Complete,Activity-Activitiy Co Occurrence N-Gram PMI w_3,0.9492,0.9156,0.9322,0.9526
BPIC12_Complete,Activity-Activitiy Co Occurrence N-Gram PMI w_5,0.9326,0.8833,0.8729,0.9395
BPIC12_Complete,Activity-Activitiy Co Occurrence N-Gram PMI w_9,0.8654,0.7852,0.7982,0.8388
BPIC12_Complete,Activity-Activitiy Co Occurrence N-Gram PPMI w_3,0.939,0.9142,0.9304,0.9524
BPIC12_Complete,Activity-Activitiy Co Occurrence N-Gram PPMI w_5,0.8937,0.8689,0.8593,0.9387
BPIC12_Complete,Activity-Activitiy Co Occurrence N-Gram PPMI w_9,0.7647,0.7845,0.786,0.8325
BPIC12_Complete,Activity-Activitiy Co Occurrence N-Gram w_3,0.8866,0.8112,0.8198,0.9424
BPIC12_Complete,Activity-Activitiy Co Occurrence N-Gram w_5,0.7852,0.8078,0.7689,0.9325
BPIC12_Complete,Activity-Activitiy Co Occurrence N-Gram w_9,0.6876,0.7921,0.7694,0.8417
BPIC12_Complete,Activity-Context Bag Of Words PMI w_3,0.7859,0.8648,0.8588,0.9371
BPIC12_Complete,Activity-Context Bag Of Words PMI w_5,0.5835,0.7915,0.762,0.8966
BPIC12_Complete,Activity-Context Bag Of Words PMI w_9,0.4153,0.706,0.6773,0.8051
BPIC12_Complete,Activity-Context Bag Of Words PPMI w_3,0.712,0.8422,0.8382,0.9237
BPIC12_Complete,Activity-Context Bag Of Words PPMI w_5,0.5453,0.7894,0.7594,0.8948
BPIC12_Complete,Activity-Context Bag Of Words PPMI w_9,0.4089,0.7051,0.6765,0.8042
BPIC12_Complete,Activity-Context Bag Of Words w_3,0.7369,0.8098,0.8019,0.9147
BPIC12_Complete,Activity-Context Bag Of Words w_5,0.6516,0.8116,0.7884,0.9049
BPIC12_Complete,Activity-Context Bag Of Words w_9,0.6254,0.7643,0.7627,0.8215
BPIC12_Complete,Activity-Context N-Grams PMI w_3,0.7782,0.8603,0.856,0.9339
BPIC12_Complete,Activity-Context N-Grams PMI w_5,0.5384,0.8298,0.8215,0.9042
BPIC12_Complete,Activity-Context N-Grams PMI w_9,0.3535,0.778,0.7875,0.8116
BPIC12_Complete,Activity-Context N-Grams PPMI w_3,0.7064,0.8479,0.845,0.9291
BPIC12_Complete,Activity-Context N-Grams PPMI w_5,0.5195,0.8282,0.8201,0.904
BPIC12_Complete,Activity-Context N-Grams PPMI w_9,0.3499,0.778,0.7875,0.8114
BPIC12_Complete,Activity-Context N-Grams w_3,0.7394,0.8224,0.8196,0.9174
BPIC12_Complete,Activity-Context N-Grams w_5,0.6464,0.8283,0.806,0.9061
BPIC12_Complete,Activity-Context N-Grams w_9,0.5949,0.78,0.7809,0.812
BPIC12_Complete,Bose 2009 Substitution Scores w_3,0.7388,0.8092,0.7812,0.9445
BPIC12_Complete,Bose 2009 Substitution Scores w_5,0.7362,0.8455,0.8416,0.9423
BPIC12_Complete,Bose 2009 Substitution Scores w_9,0.6504,0.7622,0.7648,0.8626
BPIC12_Complete,Chiorrini 2022 Embedding Process Structure,0.9941,0.7936,0.8384,0.9405
BPIC12_Complete,De Koninck 2018 act2vec CBOW w_3,0.7826,0.6848,0.6737,0.8406
BPIC12_Complete,De Koninck 2018 act2vec CBOW w_5,0.7722,0.6914,0.6821,0.829
BPIC12_Complete,De Koninck 2018 act2vec CBOW w_9,0.765,0.6842,0.6757,0.824
BPIC12_Complete,De Koninck 2018 act2vec skip-gram w_3,0.7413,0.6513,0.6464,0.8522
BPIC12_Complete,De Koninck 2018 act2vec skip-gram w_5,0.7175,0.6244,0.6212,0.8245
BPIC12_Complete,De Koninck 2018 act2vec skip-gram w_9,0.6971,0.597,0.5907,0.8018
BPIC12_Complete,Unit Distance,0.0,0.0356,0.0567,0.0
BPIC12_O,Activity-Activitiy Co Occurrence Bag Of Words PMI w_3,0.8872,0.826,0.8206,0.9189
BPIC12_O,Activity-Activitiy Co Occurrence Bag Of Words PMI w_5,0.814,0.7693,0.7592,0.8149
BPIC12_O,Activity-Activitiy Co Occurrence Bag Of Words PMI w_9,0.8589,0.7584,0.7428,0.9137
BPIC12_O,Activity-Activitiy Co Occurrence Bag Of Words PPMI w_3,0.8849,0.826,0.8206,0.9245
BPIC12_O,Activity-Activitiy Co Occurrence Bag Of Words PPMI w_5,0.814,0.7693,0.7592,0.8149
BPIC12_O,Activity-Activitiy Co Occurrence Bag Of Words PPMI w_9,0.8059,0.7035,0.7101,0.8209
BPIC12_O,Activity-Activitiy Co Occurrence Bag Of Words w_3,0.8375,0.7906,0.768,0.8982
BPIC12_O,Activity-Activitiy Co Occurrence Bag Of Words w_5,0.7705,0.7403,0.7393,0.7854
BPIC12_O,Activity-Activitiy Co Occurrence Bag Of Words w_9,0.702,0.7087,0.7101,0.7504
BPIC12_O,Activity-Activitiy Co Occurrence N-Gram PMI w_3,0.8156,0.8029,0.8074,0.8358
BPIC12_O,Activity-Activitiy Co Occurrence N-Gram PMI w_5,0.7274,0.7334,0.7333,0.7376
BPIC12_O,Activity-Activitiy Co Occurrence N-Gram PMI w_9,0.7071,0.7172,0.7101,0.71
BPIC12_O,Activity-Activitiy Co Occurrence N-Gram PPMI w_3,0.8127,0.8029,0.8074,0.8472
BPIC12_O,Activity-Activitiy Co Occurrence N-Gram PPMI w_5,0.7274,0.7334,0.7333,0.7376
BPIC12_O,Activity-Activitiy Co Occurrence N-Gram PPMI w_9,0.7076,0.7168,0.7098,0.7098
BPIC12_O,Activity-Activitiy Co Occurrence N-Gram w_3,0.7831,0.8155,0.8071,0.8499
BPIC12_O,Activity-Activitiy Co Occurrence N-Gram w_5,0.7158,0.7462,0.7389,0.7392
BPIC12_O,Activity-Activitiy Co Occurrence N-Gram w_9,0.6847,0.7124,0.7048,0.7088
BPIC12_O,Activity-Context Bag Of Words PMI w_3,0.8104,0.7253,0.7253,0.8508
BPIC12_O,Activity-Context Bag Of Words PMI w_5,0.767,0.625,0.6292,0.7643
BPIC12_O,Activity-Context Bag Of Words PMI w_9,0.5318,0.638,0.6339,0.7566
BPIC12_O,Activity-Context Bag Of Words PPMI w_3,0.7641,0.7432,0.7382,0.8369
BPIC12_O,Activity-Context Bag Of Words PPMI w_5,0.6975,0.615,0.5942,0.7103
BPIC12_O,Activity-Context Bag Of Words PPMI w_9,0.4852,0.5827,0.5807,0.6854
BPIC12_O,Activity-Context Bag Of Words w_3,0.7615,0.6346,0.6356,0.8061
BPIC12_O,Activity-Context Bag Of Words w_5,0.7003,0.6181,0.6188,0.7174
BPIC12_O,Activity-Context Bag Of Words w_9,0.616,0.632,0.6355,0.6959
BPIC12_O,Activity-Context N-Grams PMI w_3,0.7971,0.7362,0.7369,0.8367
BPIC12_O,Activity-Context N-Grams PMI w_5,0.7409,0.624,0.63,0.7181
BPIC12_O,Activity-Context N-Grams PMI w_9,0.434,0.6383,0.6356,0.6958
BPIC12_O,Activity-Context N-Grams PPMI w_3,0.7584,0.7547,0.7498,0.838
BPIC12_O,Activity-Context N-Grams PPMI w_5,0.6847,0.6478,0.6465,0.72
BPIC12_O,Activity-Context N-Grams PPMI w_9,0.4102,0.6403,0.6359,0.6962
BPIC12_O,Activity-Context N-Grams w_3,0.7615,0.6673,0.6629,0.8242
BPIC12_O,Activity-Context N-Grams w_5,0.7003,0.6206,0.6188,0.7174
BPIC12_O,Activity-Context N-Grams w_9,0.6478,0.6364,0.6312,0.6949
BPIC12_O,Bose 2009 Substitution Scores w_3,0.6599,0.7342,0.6582,0.8768
BPIC12_O,Bose 2009 Substitution Scores w_5,0.6002,0.6987,0.6306,0.8459
BPIC12_O,Bose 2009 Substitution Scores w_9,0.5619,0.5976,0.5409,0.7604
BPIC12_O,Chiorrini 2022 Embedding Process Structure,0.9987,0.8544,0.8713,0.9475
BPIC12_O,De Koninck 2018 act2vec CBOW w_3,0.4969,0.3571,0.3594,0.6137
BPIC12_O,De Koninck 2018 act2vec CBOW w_5,0.4949,0.3554,0.3484,0.6179
BPIC12_O,De Koninck 2018 act2vec CBOW w_9,0.4907,0.359,0.3609,0.6199
BPIC12_O,De Koninck 2018 act2vec skip-gram w_3,0.5385,0.4582,0.4195,0.7661
BPIC12_O,De Koninck 2018 act2vec skip-gram w_5,0.5348,0.4714,0.4373,0.7759
BPIC12_O,De Koninck 2018 act2vec skip-gram w_9,0.536,0.4617,0.4266,0.7762
BPIC12_O,Gamallo Fernandez 2023 Context Based w_3,0.2502,0.0553,0.0353,0.3889
BPIC12_O,Unit Distance,0.0,0.1128,0.1073,0.0
BPIC12_W,Activity-Activitiy Co Occurrence Bag Of Words PMI w_3,0.8145,0.6365,0.7015,0.8516
BPIC12_W,Activity-Activitiy Co Occurrence Bag Of Words PMI w_5,0.5595,0.4966,0.3814,0.8302
BPIC12_W,Activity-Activitiy Co Occurrence Bag Of Words PMI w_9,0.5223,0.4405,0.3682,0.7253
BPIC12_W,Activity-Activitiy Co Occurrence Bag Of Words PPMI w_3,0.7896,0.5649,0.6203,0.8177
BPIC12_W,Activity-Activitiy Co Occurrence Bag Of Words PPMI w_5,0.1979,0.1375,0.0637,0.6025
BPIC12_W,Activity-Activitiy Co Occurrence Bag Of Words PPMI w_9,0.1215,0.0964,0.0184,0.565
BPIC12_W,Activity-Activitiy Co Occurrence Bag Of Words w_3,0.7318,0.5438,0.553,0.8082
BPIC12_W,Activity-Activitiy Co Occurrence Bag Of Words w_5,0.1513,0.0704,0.0298,0.5083
BPIC12_W,Activity-Activitiy Co Occurrence Bag Of Words w_9,0.0865,0.0634,0.0,0.51
BPIC12_W,Activity-Activitiy Co Occurrence N-Gram PMI w_3,0.8144,0.6365,0.7001,0.8512
BPIC12_W,Activity-Activitiy Co Occurrence N-Gram PMI w_5,0.5319,0.5218,0.4361,0.8158
BPIC12_W,Activity-Activitiy Co Occurrence N-Gram PMI w_9,0.4318,0.2383,0.1685,0.4711
BPIC12_W,Activity-Activitiy Co Occurrence N-Gram PPMI w_3,0.7895,0.5639,0.6197,0.8173
BPIC12_W,Activity-Activitiy Co Occurrence N-Gram PPMI w_5,0.1175,0.0897,0.005,0.5686
BPIC12_W,Activity-Activitiy Co Occurrence N-Gram PPMI w_9,0.0119,0.0831,0.0437,0.2362
BPIC12_W,Activity-Activitiy Co Occurrence N-Gram w_3,0.7298,0.5387,0.5495,0.8047
BPIC12_W,Activity-Activitiy Co Occurrence N-Gram w_5,0.1111,0.0911,0.0706,0.467
BPIC12_W,Activity-Activitiy Co Occurrence N-Gram w_9,0.0096,0.0703,0.0,0.4883
BPIC12_W,Activity-Context Bag Of Words PMI w_3,0.3748,0.4903,0.4806,0.7227
BPIC12_W,Activity-Context Bag Of Words PMI w_5,0.1253,0.0523,0.0519,0.1679
BPIC12_W,Activity-Context Bag Of Words PMI w_9,0.086,0.0464,0.0294,0.166
BPIC12_W,Activity-Context Bag Of Words PPMI w_3,0.1064,0.3912,0.3284,0.6659
BPIC12_W,Activity-Context Bag Of Words PPMI w_5,0.0,0.0004,0.0,0.0
BPIC12_W,Activity-Context Bag Of Words PPMI w_9,0.0,0.0102,0.0,0.0013
BPIC12_W,Activity-Context Bag Of Words w_3,0.0763,0.1366,0.0083,0.5956
BPIC12_W,Activity-Context Bag Of Words w_5,0.0,0.0004,0.0,0.0502
BPIC12_W,Activity-Context Bag Of Words w_9,0.0,0.0081,0.0,0.0851
BPIC12_W,Activity-Context N-Grams PMI w_3,0.3453,0.468,0.45,0.7086
BPIC12_W,Activity-Context N-Grams PMI w_5,0.1105,0.0517,0.0533,0.1548
BPIC12_W,Activity-Context N-Grams PMI w_9,0.0323,0.1349,0.1411,0.1898
BPIC12_W,Activity-Context N-Grams PPMI w_3,0.0882,0.3552,0.2696,0.6516
BPIC12_W,Activity-Context N-Grams PPMI w_5,0.0,0.0019,0.0,0.0014
BPIC12_W,Activity-Context N-Grams PPMI w_9,0.0,0.0553,0.0088,0.0431
BPIC12_W,Activity-Context N-Grams w_3,0.0807,0.13,0.0062,0.5929
BPIC12_W,Activity-Context N-Grams w_5,0.0,0.0015,0.0,0.0635
BPIC12_W,Activity-Context N-Grams w_9,0.0,0.0398,0.0,0.1224
BPIC12_W,Bose 2009 Substitution Scores w_3,0.7057,0.1935,0.1614,0.5141
BPIC12_W,Bose 2009 Substitution Scores w_5,0.4445,0.0251,0.0,0.3007
BPIC12_W,Bose 2009 Substitution Scores w_9,0.5471,0.0707,0.0223,0.4122
BPIC12_W,Chiorrini 2022 Embedding Process Structure,0.9512,0.6114,0.6623,0.8396
BPIC12_W,De Koninck 2018 act2vec CBOW w_3,0.3534,0.1286,0.1135,0.3334
BPIC12_W,De Koninck 2018 act2vec CBOW w_5,0.3356,0.121,0.1171,0.3044
BPIC12_W,De Koninck 2018 act2vec CBOW w_9,0.3253,0.13,0.1337,0.3061
BPIC12_W,De Koninck 2018 act2vec skip-gram w_3,0.3371,0.1485,0.1306,0.4093
BPIC12_W,De Koninck 2018 act2vec skip-gram w_5,0.3338,0.1466,0.145,0.4039
BPIC12_W,De Koninck 2018 act2vec skip-gram w_9,0.3238,0.1548,0.1681,0.3927
BPIC12_W,Gamallo Fernandez 2023 Context Based w_3,0.3644,0.1405,0.1336,0.4969
BPIC12_W,Unit Distance,0.0,0.1136,0.1073,0.0
BPIC12_W_Complete,Activity-Activitiy Co Occurrence Bag Of Words PMI w_3,0.8179,0.71,0.6931,0.8782
BPIC12_W_Complete,Activity-Activitiy Co Occurrence Bag Of Words PMI w_5,0.824,0.7291,0.7194,0.8603
BPIC12_W_Complete,Activity-Activitiy Co Occurrence Bag Of Words PMI w_9,0.7611,0.5813,0.5594,0.802
BPIC12_W_Complete,Activity-Activitiy Co Occurrence Bag Of Words PPMI w_3,0.7907,0.6626,0.6365,0.8795
BPIC12_W_Complete,Activity-Activitiy Co Occurrence Bag Of Words PPMI w_5,0.764,0.6186,0.6013,0.8449
BPIC12_W_Complete,Activity-Activitiy Co Occurrence Bag Of Words PPMI w_9,0.6691,0.4301,0.4038,0.7165
BPIC12_W_Complete,Activity-Activitiy Co Occurrence Bag Of Words w_3,0.6616,0.5156,0.4742,0.8141
BPIC12_W_Complete,Activity-Activitiy Co Occurrence Bag Of Words w_5,0.5976,0.4615,0.4091,0.7796
BPIC12_W_Complete,Activity-Activitiy Co Occurrence Bag Of Words w_9,0.4683,0.4046,0.3144,0.6894
BPIC12_W_Complete,Activity-Activitiy Co Occurrence N-Gram PMI w_3,0.803,0.6536,0.649,0.8665
BPIC12_W_Complete,Activity-Activitiy Co Occurrence N-Gram PMI w_5,0.715,0.5631,0.5292,0.7884
BPIC12_W_Complete,Activity-Activitiy Co Occurrence N-Gram PMI w_9,0.5964,0.4532,0.4277,0.6772
BPIC12_W_Complete,Activity-Activitiy Co Occurrence N-Gram PPMI w_3,0.7776,0.6976,0.6996,0.8871
BPIC12_W_Complete,Activity-Activitiy Co Occurrence N-Gram PPMI w_5,0.7513,0.5727,0.5358,0.8428
BPIC12_W_Complete,Activity-Activitiy Co Occurrence N-Gram PPMI w_9,0.6255,0.4604,0.4094,0.7635
BPIC12_W_Complete,Activity-Activitiy Co Occurrence N-Gram w_3,0.6242,0.5215,0.4711,0.8115
BPIC12_W_Complete,Activity-Activitiy Co Occurrence N-Gram w_5,0.5651,0.4869,0.3891,0.7895
BPIC12_W_Complete,Activity-Activitiy Co Occurrence N-Gram w_9,0.4138,0.4045,0.2841,0.7452
BPIC12_W_Complete,Activity-Context Bag Of Words PMI w_3,0.3876,0.5717,0.4519,0.8805
BPIC12_W_Complete,Activity-Context Bag Of Words PMI w_5,0.2144,0.4784,0.3523,0.8272
BPIC12_W_Complete,Activity-Context Bag Of Words PMI w_9,0.0796,0.2637,0.1547,0.6625
BPIC12_W_Complete,Activity-Context Bag Of Words PPMI w_3,0.1611,0.5197,0.4282,0.7667
BPIC12_W_Complete,Activity-Context Bag Of Words PPMI w_5,0.0798,0.3243,0.2111,0.7569
BPIC12_W_Complete,Activity-Context Bag Of Words PPMI w_9,0.0306,0.1579,0.0548,0.5559
BPIC12_W_Complete,Activity-Context Bag Of Words w_3,0.1882,0.3929,0.3389,0.7068
BPIC12_W_Complete,Activity-Context Bag Of Words w_5,0.2473,0.4114,0.3469,0.7073
BPIC12_W_Complete,Activity-Context Bag Of Words w_9,0.2417,0.368,0.3573,0.5954
BPIC12_W_Complete,Activity-Context N-Grams PMI w_3,0.3514,0.5599,0.456,0.8696
BPIC12_W_Complete,Activity-Context N-Grams PMI w_5,0.1414,0.5226,0.3883,0.8391
BPIC12_W_Complete,Activity-Context N-Grams PMI w_9,0.037,0.2793,0.1466,0.7012
BPIC12_W_Complete,Activity-Context N-Grams PPMI w_3,0.1493,0.5368,0.438,0.7659
BPIC12_W_Complete,Activity-Context N-Grams PPMI w_5,0.0642,0.3967,0.2857,0.7922
BPIC12_W_Complete,Activity-Context N-Grams PPMI w_9,0.0265,0.257,0.1347,0.6842
BPIC12_W_Complete,Activity-Context N-Grams w_3,0.2058,0.4381,0.3421,0.7916
BPIC12_W_Complete,Activity-Context N-Grams w_5,0.2657,0.4703,0.3751,0.813
BPIC12_W_Complete,Activity-Context N-Grams w_9,0.2732,0.4679,0.3808,0.7676
BPIC12_W_Complete,Bose 2009 Substitution Scores w_3,0.6129,0.4341,0.333,0.7354
BPIC12_W_Complete,Bose 2009 Substitution Scores w_5,0.5407,0.4711,0.3902,0.7229
BPIC12_W_Complete,Bose 2009 Substitution Scores w_9,0.4975,0.4803,0.429,0.6956
BPIC12_W_Complete,Chiorrini 2022 Embedding Process Structure,0.964,0.7345,0.7941,0.8813
BPIC12_W_Complete,De Koninck 2018 act2vec CBOW w_3,0.3092,0.133,0.1252,0.2888
BPIC12_W_Complete,De Koninck 2018 act2vec CBOW w_5,0.2884,0.1073,0.0967,0.2495
BPIC12_W_Complete,De Koninck 2018 act2vec CBOW w_9,0.2753,0.0691,0.063,0.2158
BPIC12_W_Complete,De Koninck 2018 act2vec skip-gram w_3,0.2244,0.1115,0.0669,0.3342
BPIC12_W_Complete,De Koninck 2018 act2vec skip-gram w_5,0.2234,0.0908,0.0464,0.3078
BPIC12_W_Complete,De Koninck 2018 act2vec skip-gram w_9,0.2151,0.0873,0.0536,0.3056
BPIC12_W_Complete,Gamallo Fernandez 2023 Context Based w_3,0.2908,0.1118,0.0716,0.4627
BPIC12_W_Complete,Unit Distance,0.0,0.1587,0.1268,0.0
BPIC13_closed_problems,Activity-Activitiy Co Occurrence Bag Of Words PMI w_3,0.8527,0.6503,0.7661,0.8276
BPIC13_closed_problems,Activity-Activitiy Co Occurrence Bag Of Words PMI w_5,0.7579,0.4894,0.5308,0.7146
BPIC13_closed_problems,Activity-Activitiy Co Occurrence Bag Of Words PMI w_9,0.7351,0.4564,0.513,0.6911
BPIC13_closed_problems,Activity-Activitiy Co Occurrence Bag Of Words PPMI w_3,0.8527,0.6503,0.7661,0.8276
BPIC13_closed_problems,Activity-Activitiy Co Occurrence Bag Of Words PPMI w_5,0.7578,0.4888,0.5308,0.7141
BPIC13_closed_problems,Activity-Activitiy Co Occurrence Bag Of Words PPMI w_9,0.7241,0.4589,0.5213,0.6897
BPIC13_closed_problems,Activity-Activitiy Co Occurrence Bag Of Words w_3,0.9009,0.7584,0.8327,0.8726
BPIC13_closed_problems,Activity-Activitiy Co Occurrence Bag Of Words w_5,0.721,0.5092,0.5521,0.7117
BPIC13_closed_problems,Activity-Activitiy Co Occurrence Bag Of Words w_9,0.691,0.4756,0.4765,0.7208
BPIC13_closed_problems,Activity-Activitiy Co Occurrence N-Gram PMI w_3,0.9051,0.7264,0.83,0.8701
BPIC13_closed_problems,Activity-Activitiy Co Occurrence N-Gram PMI w_5,0.8192,0.6379,0.6836,0.8113
BPIC13_closed_problems,Activity-Activitiy Co Occurrence N-Gram PMI w_9,0.8015,0.5728,0.6283,0.7783
BPIC13_closed_problems,Activity-Activitiy Co Occurrence N-Gram PPMI w_3,0.8902,0.7034,0.8102,0.8568
BPIC13_closed_problems,Activity-Activitiy Co Occurrence N-Gram PPMI w_5,0.7587,0.581,0.6235,0.7766
BPIC13_closed_problems,Activity-Activitiy Co Occurrence N-Gram PPMI w_9,0.7204,0.5429,0.5978,0.7524
BPIC13_closed_problems,Activity-Activitiy Co Occurrence N-Gram w_3,0.9199,0.8048,0.8771,0.8925
BPIC13_closed_problems,Activity-Activitiy Co Occurrence N-Gram w_5,0.7464,0.5871,0.5669,0.8242
BPIC13_closed_problems,Activity-Activitiy Co Occurrence N-Gram w_9,0.6192,0.618,0.5639,0.8053
BPIC13_closed_problems,Activity-Context Bag Of Words PMI w_3,0.616,0.6367,0.712,0.8655
BPIC13_closed_problems,Activity-Context Bag Of Words PMI w_5,0.2684,0.3704,0.3513,0.6762
BPIC13_closed_problems,Activity-Context Bag Of Words PMI w_9,0.121,0.3348,0.3139,0.605
BPIC13_closed_problems,Activity-Context Bag Of Words PPMI w_3,0.387,0.5567,0.5992,0.8112
BPIC13_closed_problems,Activity-Context Bag Of Words PPMI w_5,0.1227,0.2825,0.2759,0.5623
BPIC13_closed_problems,Activity-Context Bag Of Words PPMI w_9,0.0598,0.3156,0.2977,0.5598
BPIC13_closed_problems,Activity-Context Bag Of Words w_3,0.7504,0.5903,0.5927,0.8184
BPIC13_closed_problems,Activity-Context Bag Of Words w_5,0.4721,0.6965,0.6927,0.7589
BPIC13_closed_problems,Activity-Context Bag Of Words w_9,0.4799,0.7186,0.722,0.7614
BPIC13_closed_problems,Activity-Context N-Grams PMI w_3,0.5478,0.6007,0.6622,0.8542
BPIC13_closed_problems,Activity-Context N-Grams PMI w_5,0.205,0.4434,0.4388,0.7142
BPIC13_closed_problems,Activity-Context N-Grams PMI w_9,0.067,0.5408,0.5209,0.7053
BPIC13_closed_problems,Activity-Context N-Grams PPMI w_3,0.3664,0.5532,0.6079,0.8161
BPIC13_closed_problems,Activity-Context N-Grams PPMI w_5,0.1012,0.4137,0.4197,0.6577
BPIC13_closed_problems,Activity-Context N-Grams PPMI w_9,0.0452,0.5287,0.5131,0.6845
BPIC13_closed_problems,Activity-Context N-Grams w_3,0.7589,0.6291,0.649,0.8289
BPIC13_closed_problems,Activity-Context N-Grams w_5,0.499,0.717,0.7197,0.7647
BPIC13_closed_problems,Activity-Context N-Grams w_9,0.5102,0.7272,0.7235,0.7641
BPIC13_closed_problems,Bose 2009 Substitution Scores w_3,0.8112,0.5076,0.4471,0.8161
BPIC13_closed_problems,Bose 2009 Substitution Scores w_5,0.7659,0.5551,0.4843,0.753
BPIC13_closed_problems,Bose 2009 Substitution Scores w_9,0.8295,0.5701,0.5081,0.7659
BPIC13_closed_problems,Chiorrini 2022 Embedding Process Structure,0.8638,0.4466,0.4773,0.744
BPIC13_closed_problems,De Koninck 2018 act2vec CBOW w_3,0.4143,0.2152,0.2502,0.4345
BPIC13_closed_problems,De Koninck 2018 act2vec CBOW w_5,0.419,0.2212,0.2507,0.4355
BPIC13_closed_problems,De Koninck 2018 act2vec CBOW w_9,0.4181,0.2266,0.2647,0.4425
BPIC13_closed_problems,De Koninck 2018 act2vec skip-gram w_3,0.417,0.2063,0.2303,0.5146
BPIC13_closed_problems,De Koninck 2018 act2vec skip-gram w_5,0.4247,0.2198,0.2445,0.5202
BPIC13_closed_problems,De Koninck 2018 act2vec skip-gram w_9,0.4218,0.2057,0.2291,0.5179
BPIC13_closed_problems,Gamallo Fernandez 2023 Context Based w_3,0.2668,0.0935,0.078,0.4225
BPIC13_closed_problems,Unit Distance,0.0,0.1026,0.0988,0.0
BPIC13_incidents,Activity-Activitiy Co Occurrence Bag Of Words PMI w_3,0.6348,0.4933,0.4762,0.6139
BPIC13_incidents,Activity-Activitiy Co Occurrence Bag Of Words PMI w_5,0.5834,0.3965,0.4166,0.5892
BPIC13_incidents,Activity-Activitiy Co Occurrence Bag Of Words PMI w_9,0.4961,0.3177,0.3101,0.497
BPIC13_incidents,Activity-Activitiy Co Occurrence Bag Of Words PPMI w_3,0.6349,0.4933,0.4762,0.6139
BPIC13_incidents,Activity-Activitiy Co Occurrence Bag Of Words PPMI w_5,0.5833,0.3754,0.4011,0.5426
BPIC13_incidents,Activity-Activitiy Co Occurrence Bag Of Words PPMI w_9,0.4953,0.2725,0.2502,0.425
BPIC13_incidents,Activity-Activitiy Co Occurrence Bag Of Words w_3,0.6814,0.4822,0.4913,0.6226
BPIC13_incidents,Activity-Activitiy Co Occurrence Bag Of Words w_5,0.6183,0.4167,0.4058,0.5747
BPIC13_incidents,Activity-Activitiy Co Occurrence Bag Of Words w_9,0.4259,0.2545,0.2429,0.4028
BPIC13_incidents,Activity-Activitiy Co Occurrence N-Gram PMI w_3,0.6027,0.4234,0.4274,0.5231
BPIC13_incidents,Activity-Activitiy Co Occurrence N-Gram PMI w_5,0.4903,0.3264,0.3191,0.4733
BPIC13_incidents,Activity-Activitiy Co Occurrence N-Gram PMI w_9,0.5454,0.4623,0.4624,0.607
BPIC13_incidents,Activity-Activitiy Co Occurrence N-Gram PPMI w_3,0.6095,0.4259,0.4264,0.5244
BPIC13_incidents,Activity-Activitiy Co Occurrence N-Gram PPMI w_5,0.5033,0.2939,0.3036,0.4368
BPIC13_incidents,Activity-Activitiy Co Occurrence N-Gram PPMI w_9,0.5355,0.4045,0.3738,0.5849
BPIC13_incidents,Activity-Activitiy Co Occurrence N-Gram w_3,0.6008,0.4304,0.423,0.5402
BPIC13_incidents,Activity-Activitiy Co Occurrence N-Gram w_5,0.4662,0.3248,0.2752,0.4518
BPIC13_incidents,Activity-Activitiy Co Occurrence N-Gram w_9,0.3746,0.3809,0.2983,0.5124
BPIC13_incidents,Activity-Context Bag Of Words PMI w_3,0.6778,0.8816,0.9146,0.9049
BPIC13_incidents,Activity-Context Bag Of Words PMI w_5,0.4417,0.7139,0.6733,0.8281
BPIC13_incidents,Activity-Context Bag Of Words PMI w_9,0.3283,0.6174,0.6038,0.7243
BPIC13_incidents,Activity-Context Bag Of Words PPMI w_3,0.2044,0.5118,0.4755,0.5898
BPIC13_incidents,Activity-Context Bag Of Words PPMI w_5,0.1278,0.3365,0.3229,0.5152
BPIC13_incidents,Activity-Context Bag Of Words PPMI w_9,0.1277,0.3721,0.331,0.51
BPIC13_incidents,Activity-Context Bag Of Words w_3,0.3968,0.4225,0.4337,0.513
BPIC13_incidents,Activity-Context Bag Of Words w_5,0.1557,0.278,0.1552,0.49
BPIC13_incidents,Activity-Context Bag Of Words w_9,0.1316,0.4174,0.369,0.5601
BPIC13_incidents,Activity-Context N-Grams PMI w_3,0.4898,0.8071,0.8502,0.8518
BPIC13_incidents,Activity-Context N-Grams PMI w_5,0.2721,0.6233,0.6294,0.7628
BPIC13_incidents,Activity-Context N-Grams PMI w_9,0.1726,0.5326,0.4979,0.6927
BPIC13_incidents,Activity-Context N-Grams PPMI w_3,0.2332,0.5112,0.4992,0.6811
BPIC13_incidents,Activity-Context N-Grams PPMI w_5,0.1188,0.2965,0.2575,0.5285
BPIC13_incidents,Activity-Context N-Grams PPMI w_9,0.0992,0.3503,0.2935,0.5521
BPIC13_incidents,Activity-Context N-Grams w_3,0.4016,0.4938,0.4389,0.6642
BPIC13_incidents,Activity-Context N-Grams w_5,0.2021,0.5503,0.527,0.6392
BPIC13_incidents,Activity-Context N-Grams w_9,0.1943,0.6693,0.6541,0.7356
BPIC13_incidents,Bose 2009 Substitution Scores w_3,0.6413,0.4378,0.3667,0.6177
BPIC13_incidents,Bose 2009 Substitution Scores w_5,0.6139,0.3217,0.2396,0.502
BPIC13_incidents,Bose 2009 Substitution Scores w_9,0.6295,0.4791,0.371,0.6523
BPIC13_incidents,Chiorrini 2022 Embedding Process Structure,0.9378,0.6485,0.6746,0.7723
BPIC13_incidents,De Koninck 2018 act2vec CBOW w_3,0.4567,0.3236,0.2501,0.5123
BPIC13_incidents,De Koninck 2018 act2vec CBOW w_5,0.45,0.3215,0.237,0.5153
BPIC13_incidents,De Koninck 2018 act2vec CBOW w_9,0.4582,0.3528,0.2796,0.5377
BPIC13_incidents,De Koninck 2018 act2vec skip-gram w_3,0.3842,0.2969,0.1952,0.5353
BPIC13_incidents,De Koninck 2018 act2vec skip-gram w_5,0.3734,0.33,0.26,0.53
BPIC13_incidents,De Koninck 2018 act2vec skip-gram w_9,0.3834,0.3343,0.2454,0.5556
BPIC13_incidents,Gamallo Fernandez 2023 Context Based w_3,0.2321,0.3009,0.2782,0.547
BPIC13_incidents,Unit Distance,0.0,0.2103,0.1094,0.0
BPIC13_open_problems,Activity-Activitiy Co Occurrence Bag Of Words PMI w_3,0.6899,0.6558,0.6361,0.6959
BPIC13_open_problems,Activity-Activitiy Co Occurrence Bag Of Words PMI w_5,0.5707,0.463,0.4477,0.5406
BPIC13_open_problems,Activity-Activitiy Co Occurrence Bag Of Words PMI w_9,0.5372,0.4569,0.4306,0.509
BPIC13_open_problems,Activity-Activitiy Co Occurrence Bag Of Words PPMI w_3,0.6899,0.6558,0.6361,0.6959
BPIC13_open_problems,Activity-Activitiy Co Occurrence Bag Of Words PPMI w_5,0.5707,0.463,0.4477,0.5406
BPIC13_open_problems,Activity-Activitiy Co Occurrence Bag Of Words PPMI w_9,0.5372,0.4569,0.4306,0.509
BPIC13_open_problems,Activity-Activitiy Co Occurrence Bag Of Words w_3,0.644,0.6824,0.6692,0.6821
BPIC13_open_problems,Activity-Activitiy Co Occurrence Bag Of Words w_5,0.5677,0.5213,0.5095,0.5826
BPIC13_open_problems,Activity-Activitiy Co Occurrence Bag Of Words w_9,0.5207,0.5049,0.4898,0.5621
BPIC13_open_problems,Activity-Activitiy Co Occurrence N-Gram PMI w_3,0.7703,0.788,0.7757,0.8317
BPIC13_open_problems,Activity-Activitiy Co Occurrence N-Gram PMI w_5,0.6246,0.6252,0.5861,0.6969
BPIC13_open_problems,Activity-Activitiy Co Occurrence N-Gram PMI w_9,0.581,0.538,0.4898,0.6218
BPIC13_open_problems,Activity-Activitiy Co Occurrence N-Gram PPMI w_3,0.7703,0.788,0.7757,0.8317
BPIC13_open_problems,Activity-Activitiy Co Occurrence N-Gram PPMI w_5,0.6246,0.6252,0.5861,0.6969
BPIC13_open_problems,Activity-Activitiy Co Occurrence N-Gram PPMI w_9,0.581,0.538,0.4898,0.6218
BPIC13_open_problems,Activity-Activitiy Co Occurrence N-Gram w_3,0.7345,0.7569,0.7,0.8036
BPIC13_open_problems,Activity-Activitiy Co Occurrence N-Gram w_5,0.6141,0.6442,0.6181,0.7045
BPIC13_open_problems,Activity-Activitiy Co Occurrence N-Gram w_9,0.572,0.5391,0.4678,0.6623
BPIC13_open_problems,Activity-Context Bag Of Words PMI w_3,0.4704,0.7437,0.6935,0.8064
BPIC13_open_problems,Activity-Context Bag Of Words PMI w_5,0.2349,0.5414,0.4912,0.6598
BPIC13_open_problems,Activity-Context Bag Of Words PMI w_9,0.1263,0.4046,0.3792,0.491
BPIC13_open_problems,Activity-Context Bag Of Words PPMI w_3,0.4098,0.6104,0.5583,0.6783
BPIC13_open_problems,Activity-Context Bag Of Words PPMI w_5,0.0865,0.4083,0.3641,0.4516
BPIC13_open_problems,Activity-Context Bag Of Words PPMI w_9,0.0427,0.3331,0.3241,0.3356
BPIC13_open_problems,Activity-Context Bag Of Words w_3,0.5794,0.6863,0.6667,0.6692
BPIC13_open_problems,Activity-Context Bag Of Words w_5,0.3792,0.4102,0.3618,0.4218
BPIC13_open_problems,Activity-Context Bag Of Words w_9,0.3795,0.4514,0.4081,0.4895
BPIC13_open_problems,Activity-Context N-Grams PMI w_3,0.4511,0.7113,0.6458,0.8151
BPIC13_open_problems,Activity-Context N-Grams PMI w_5,0.1726,0.5322,0.4639,0.6178
BPIC13_open_problems,Activity-Context N-Grams PMI w_9,0.1159,0.5215,0.4887,0.6105
BPIC13_open_problems,Activity-Context N-Grams PPMI w_3,0.3853,0.544,0.4449,0.67
BPIC13_open_problems,Activity-Context N-Grams PPMI w_5,0.0739,0.397,0.3389,0.42
BPIC13_open_problems,Activity-Context N-Grams PPMI w_9,0.0593,0.4694,0.4347,0.5059
BPIC13_open_problems,Activity-Context N-Grams w_3,0.6262,0.7535,0.6958,0.7952
BPIC13_open_problems,Activity-Context N-Grams w_5,0.5051,0.8116,0.7898,0.8915
BPIC13_open_problems,Activity-Context N-Grams w_9,0.5614,0.8736,0.8951,0.9226
BPIC13_open_problems,Bose 2009 Substitution Scores w_3,0.512,0.7674,0.7465,0.863
BPIC13_open_problems,Bose 2009 Substitution Scores w_5,0.5034,0.8343,0.8266,0.9127
BPIC13_open_problems,Bose 2009 Substitution Scores w_9,0.5432,0.8403,0.8183,0.9065
BPIC13_open_problems,Chiorrini 2022 Embedding Process Structure,0.8629,0.6979,0.7505,0.7853
BPIC13_open_problems,De Koninck 2018 act2vec CBOW w_3,0.336,0.3116,0.2924,0.3591
BPIC13_open_problems,De Koninck 2018 act2vec CBOW w_5,0.3544,0.337,0.3148,0.3685
BPIC13_open_problems,De Koninck 2018 act2vec CBOW w_9,0.3413,0.3164,0.3021,0.3642
BPIC13_open_problems,De Koninck 2018 act2vec skip-gram w_3,0.3415,0.3421,0.2979,0.4109
BPIC13_open_problems,De Koninck 2018 act2vec skip-gram w_5,0.3413,0.337,0.2873,0.3934
BPIC13_open_problems,De Koninck 2018 act2vec skip-gram w_9,0.3318,0.3292,0.2625,0.3933
BPIC13_open_problems,Gamallo Fernandez 2023 Context Based w_3,0.1289,0.3352,0.2944,0.4623
BPIC13_open_problems,Unit Distance,0.0,0.2884,0.1743,0.0
BPIC15_1,Activity-Activitiy Co Occurrence Bag Of Words PMI w_3,0.72,0.5876,0.6541,0.7121
BPIC15_1,Activity-Activitiy Co Occurrence Bag Of Words PMI w_5,0.7265,0.5806,0.6355,0.607
BPIC15_1,Activity-Activitiy Co Occurrence Bag Of Words PMI w_9,0.7326,0.512,0.5598,0.4838
BPIC15_1,Activity-Activitiy Co Occurrence Bag Of Words PPMI w_3,0.6765,0.5845,0.6511,0.7112
BPIC15_1,Activity-Activitiy Co Occurrence Bag Of Words PPMI w_5,0.631,0.5794,0.6345,0.6064
BPIC15_1,Activity-Activitiy Co Occurrence Bag Of Words PPMI w_9,0.5497,0.5113,0.5591,0.4836
BPIC15_1,Activity-Activitiy Co Occurrence Bag Of Words w_3,0.6346,0.5874,0.6418,0.709
BPIC15_1,Activity-Activitiy Co Occurrence Bag Of Words w_5,0.5392,0.593,0.6365,0.6065
BPIC15_1,Activity-Activitiy Co Occurrence Bag Of Words w_9,0.3887,0.508,0.5562,0.4836
BPIC15_1,Activity-Activitiy Co Occurrence N-Gram PMI w_3,0.7274,0.5988,0.664,0.7019
BPIC15_1,Activity-Activitiy Co Occurrence N-Gram PMI w_5,0.7509,0.5658,0.6171,0.5628
BPIC15_1,Activity-Activitiy Co Occurrence N-Gram PMI w_9,0.7013,0.451,0.4969,0.4142
BPIC15_1,Activity-Activitiy Co Occurrence N-Gram PPMI w_3,0.6728,0.5957,0.6612,0.7009
BPIC15_1,Activity-Activitiy Co Occurrence N-Gram PPMI w_5,0.6118,0.564,0.615,0.5625
BPIC15_1,Activity-Activitiy Co Occurrence N-Gram PPMI w_9,0.4916,0.4508,0.4969,0.4141
BPIC15_1,Activity-Activitiy Co Occurrence N-Gram w_3,0.6342,0.5981,0.6485,0.7002
BPIC15_1,Activity-Activitiy Co Occurrence N-Gram w_5,0.4999,0.5701,0.6075,0.5626
BPIC15_1,Activity-Activitiy Co Occurrence N-Gram w_9,0.3141,0.4483,0.4894,0.4141
BPIC15_1,Activity-Context Bag Of Words PMI w_3,0.4356,0.6521,0.7216,0.6471
BPIC15_1,Activity-Context Bag Of Words PMI w_5,0.2947,0.5928,0.6611,0.563
BPIC15_1,Activity-Context Bag Of Words PMI w_9,0.1999,0.5078,0.5714,0.4619
BPIC15_1,Activity-Context Bag Of Words PPMI w_3,0.3987,0.6519,0.7216,0.6471
BPIC15_1,Activity-Context Bag Of Words PPMI w_5,0.2915,0.5926,0.6614,0.563
BPIC15_1,Activity-Context Bag Of Words PPMI w_9,0.1996,0.5078,0.5724,0.4619
BPIC15_1,Activity-Context Bag Of Words w_3,0.5807,0.646,0.7123,0.647
BPIC15_1,Activity-Context Bag Of Words w_5,0.4601,0.5865,0.6535,0.563
BPIC15_1,Activity-Context Bag Of Words w_9,0.3259,0.5039,0.5695,0.4619
BPIC15_1,Activity-Context N-Grams PMI w_3,0.447,0.6408,0.7086,0.6345
BPIC15_1,Activity-Context N-Grams PMI w_5,0.269,0.5637,0.6281,0.532
BPIC15_1,Activity-Context N-Grams PMI w_9,0.173,0.437,0.5006,0.3977
BPIC15_1,Activity-Context N-Grams PPMI w_3,0.3832,0.6408,0.7086,0.6344
BPIC15_1,Activity-Context N-Grams PPMI w_5,0.2666,0.5639,0.6286,0.532
BPIC15_1,Activity-Context N-Grams PPMI w_9,0.173,0.4373,0.5012,0.3977
BPIC15_1,Activity-Context N-Grams w_3,0.5703,0.6383,0.7028,0.6344
BPIC15_1,Activity-Context N-Grams w_5,0.4255,0.5606,0.626,0.532
BPIC15_1,Activity-Context N-Grams w_9,0.2657,0.4356,0.4973,0.3977
BPIC15_1,Bose 2009 Substitution Scores w_3,0.7394,0.5989,0.6426,0.6849
BPIC15_1,Bose 2009 Substitution Scores w_5,0.7592,0.5492,0.5987,0.5677
BPIC15_1,Bose 2009 Substitution Scores w_9,0.7482,0.4327,0.4897,0.4212
BPIC15_1,Chiorrini 2022 Embedding Process Structure,0.962,0.1601,0.2105,0.6247
BPIC15_1,De Koninck 2018 act2vec CBOW w_3,0.9361,0.5966,0.6387,0.8745
BPIC15_1,De Koninck 2018 act2vec CBOW w_5,0.9268,0.5424,0.5645,0.8712
BPIC15_1,De Koninck 2018 act2vec CBOW w_9,0.9111,0.4852,0.5116,0.8645
BPIC15_1,De Koninck 2018 act2vec skip-gram w_3,0.9378,0.5925,0.6481,0.8799
BPIC15_1,De Koninck 2018 act2vec skip-gram w_5,0.9365,0.5249,0.5667,0.8805
BPIC15_1,De Koninck 2018 act2vec skip-gram w_9,0.9341,0.4678,0.5133,0.879
BPIC15_1,Gamallo Fernandez 2023 Context Based w_3,0.5248,0.0204,0.0245,0.5083
BPIC15_1,Unit Distance,0.1099,0.002,0.0,0.0
BPIC15_2,Activity-Activitiy Co Occurrence Bag Of Words PMI w_3,0.6719,0.5632,0.6222,0.6609
BPIC15_2,Activity-Activitiy Co Occurrence Bag Of Words PMI w_5,0.6743,0.5311,0.574,0.5389
BPIC15_2,Activity-Activitiy Co Occurrence Bag Of Words PMI w_9,0.6808,0.4733,0.5145,0.4446
BPIC15_2,Activity-Activitiy Co Occurrence Bag Of Words PPMI w_3,0.6403,0.5614,0.6187,0.6597
BPIC15_2,Activity-Activitiy Co Occurrence Bag Of Words PPMI w_5,0.5805,0.5299,0.5734,0.5384
BPIC15_2,Activity-Activitiy Co Occurrence Bag Of Words PPMI w_9,0.523,0.473,0.5145,0.4445
BPIC15_2,Activity-Activitiy Co Occurrence Bag Of Words w_3,0.6205,0.5439,0.5951,0.6597
BPIC15_2,Activity-Activitiy Co Occurrence Bag Of Words w_5,0.503,0.5295,0.5584,0.539
BPIC15_2,Activity-Activitiy Co Occurrence Bag Of Words w_9,0.3696,0.4734,0.5085,0.4445
BPIC15_2,Activity-Activitiy Co Occurrence N-Gram PMI w_3,0.6743,0.5672,0.63,0.6459
BPIC15_2,Activity-Activitiy Co Occurrence N-Gram PMI w_5,0.6913,0.5182,0.5677,0.5061
BPIC15_2,Activity-Activitiy Co Occurrence N-Gram PMI w_9,0.6658,0.4183,0.4605,0.3829
BPIC15_2,Activity-Activitiy Co Occurrence N-Gram PPMI w_3,0.6393,0.5652,0.6266,0.6449
BPIC15_2,Activity-Activitiy Co Occurrence N-Gram PPMI w_5,0.5752,0.5178,0.5677,0.5057
BPIC15_2,Activity-Activitiy Co Occurrence N-Gram PPMI w_9,0.4619,0.4183,0.4605,0.3829
BPIC15_2,Activity-Activitiy Co Occurrence N-Gram w_3,0.6189,0.5448,0.5937,0.6448
BPIC15_2,Activity-Activitiy Co Occurrence N-Gram w_5,0.4647,0.5155,0.5577,0.5057
BPIC15_2,Activity-Activitiy Co Occurrence N-Gram w_9,0.2849,0.4165,0.4533,0.3828
BPIC15_2,Activity-Context Bag Of Words PMI w_3,0.4089,0.6034,0.6522,0.5914
BPIC15_2,Activity-Context Bag Of Words PMI w_5,0.278,0.5374,0.5869,0.5043
BPIC15_2,Activity-Context Bag Of Words PMI w_9,0.2043,0.4641,0.5138,0.428
BPIC15_2,Activity-Context Bag Of Words PPMI w_3,0.3917,0.6034,0.6522,0.5913
BPIC15_2,Activity-Context Bag Of Words PPMI w_5,0.2778,0.5374,0.5869,0.5043
BPIC15_2,Activity-Context Bag Of Words PPMI w_9,0.2043,0.4641,0.5138,0.428
BPIC15_2,Activity-Context Bag Of Words w_3,0.5515,0.594,0.6425,0.5912
BPIC15_2,Activity-Context Bag Of Words w_5,0.4152,0.5331,0.5826,0.5042
BPIC15_2,Activity-Context Bag Of Words w_9,0.3016,0.4646,0.5156,0.428
BPIC15_2,Activity-Context N-Grams PMI w_3,0.3939,0.6044,0.6567,0.5872
BPIC15_2,Activity-Context N-Grams PMI w_5,0.258,0.5217,0.5766,0.4861
BPIC15_2,Activity-Context N-Grams PMI w_9,0.1742,0.3982,0.4569,0.3625
BPIC15_2,Activity-Context N-Grams PPMI w_3,0.3793,0.6044,0.6567,0.5871
BPIC15_2,Activity-Context N-Grams PPMI w_5,0.2579,0.5217,0.5766,0.4861
BPIC15_2,Activity-Context N-Grams PPMI w_9,0.1742,0.3982,0.4569,0.3625
BPIC15_2,Activity-Context N-Grams w_3,0.5425,0.5898,0.6416,0.5871
BPIC15_2,Activity-Context N-Grams w_5,0.3831,0.5158,0.5722,0.4861
BPIC15_2,Activity-Context N-Grams w_9,0.2356,0.3984,0.4592,0.3625
BPIC15_2,Bose 2009 Substitution Scores w_3,0.7281,0.5158,0.5301,0.6484
BPIC15_2,Bose 2009 Substitution Scores w_5,0.7612,0.5052,0.545,0.5202
BPIC15_2,Bose 2009 Substitution Scores w_9,0.749,0.3981,0.4551,0.3865
BPIC15_2,Chiorrini 2022 Embedding Process Structure,0.9683,0.1642,0.2166,0.6544
BPIC15_2,De Koninck 2018 act2vec CBOW w_3,0.9285,0.6016,0.6468,0.8637
BPIC15_2,De Koninck 2018 act2vec CBOW w_5,0.9238,0.5548,0.5928,0.8609
BPIC15_2,De Koninck 2018 act2vec CBOW w_9,0.9094,0.4953,0.5195,0.8548
BPIC15_2,De Koninck 2018 act2vec skip-gram w_3,0.9367,0.583,0.6447,0.876
BPIC15_2,De Koninck 2018 act2vec skip-gram w_5,0.9345,0.5504,0.6095,0.8744
BPIC15_2,De Koninck 2018 act2vec skip-gram w_9,0.9358,0.4952,0.5511,0.8727
BPIC15_2,Gamallo Fernandez 2023 Context Based w_3,0.5438,0.0159,0.0217,0.5183
BPIC15_2,Unit Distance,0.1153,0.0055,0.0025,0.0
BPIC15_3,Activity-Activitiy Co Occurrence Bag Of Words PMI w_3,0.7044,0.5849,0.6403,0.7418
BPIC15_3,Activity-Activitiy Co Occurrence Bag Of Words PMI w_5,0.6869,0.5623,0.6138,0.5617
BPIC15_3,Activity-Activitiy Co Occurrence Bag Of Words PMI w_9,0.6734,0.4932,0.5335,0.4715
BPIC15_3,Activity-Activitiy Co Occurrence Bag Of Words PPMI w_3,0.6385,0.5836,0.64,0.7402
BPIC15_3,Activity-Activitiy Co Occurrence Bag Of Words PPMI w_5,0.5674,0.5599,0.6136,0.56
BPIC15_3,Activity-Activitiy Co Occurrence Bag Of Words PPMI w_9,0.5155,0.492,0.5326,0.4711
BPIC15_3,Activity-Activitiy Co Occurrence Bag Of Words w_3,0.5883,0.5546,0.6066,0.7341
BPIC15_3,Activity-Activitiy Co Occurrence Bag Of Words w_5,0.4911,0.5595,0.5992,0.5599
BPIC15_3,Activity-Activitiy Co Occurrence Bag Of Words w_9,0.3841,0.4917,0.5263,0.4711
BPIC15_3,Activity-Activitiy Co Occurrence N-Gram PMI w_3,0.6992,0.5877,0.6399,0.7202
BPIC15_3,Activity-Activitiy Co Occurrence N-Gram PMI w_5,0.6928,0.5503,0.6008,0.5326
BPIC15_3,Activity-Activitiy Co Occurrence N-Gram PMI w_9,0.704,0.4532,0.4845,0.4266
BPIC15_3,Activity-Activitiy Co Occurrence N-Gram PPMI w_3,0.6329,0.5865,0.6403,0.7186
BPIC15_3,Activity-Activitiy Co Occurrence N-Gram PPMI w_5,0.5673,0.5491,0.5998,0.5318
BPIC15_3,Activity-Activitiy Co Occurrence N-Gram PPMI w_9,0.479,0.4531,0.4845,0.4266
BPIC15_3,Activity-Activitiy Co Occurrence N-Gram w_3,0.5879,0.5787,0.6229,0.7147
BPIC15_3,Activity-Activitiy Co Occurrence N-Gram w_5,0.4731,0.5495,0.5936,0.5318
BPIC15_3,Activity-Activitiy Co Occurrence N-Gram w_9,0.3268,0.4484,0.4781,0.4266
BPIC15_3,Activity-Context Bag Of Words PMI w_3,0.3876,0.6382,0.6926,0.6472
BPIC15_3,Activity-Context Bag Of Words PMI w_5,0.2424,0.5635,0.6257,0.5328
BPIC15_3,Activity-Context Bag Of Words PMI w_9,0.1755,0.4857,0.5344,0.4578
BPIC15_3,Activity-Context Bag Of Words PPMI w_3,0.355,0.6382,0.6926,0.647
BPIC15_3,Activity-Context Bag Of Words PPMI w_5,0.2355,0.5635,0.6257,0.5328
BPIC15_3,Activity-Context Bag Of Words PPMI w_9,0.1749,0.4857,0.5344,0.4578
BPIC15_3,Activity-Context Bag Of Words w_3,0.5573,0.6482,0.6929,0.647
BPIC15_3,Activity-Context Bag Of Words w_5,0.4251,0.5632,0.6243,0.5328
BPIC15_3,Activity-Context Bag Of Words w_9,0.3328,0.4851,0.5341,0.4578
BPIC15_3,Activity-Context N-Grams PMI w_3,0.3571,0.6346,0.6864,0.6312
BPIC15_3,Activity-Context N-Grams PMI w_5,0.2218,0.5512,0.6052,0.5177
BPIC15_3,Activity-Context N-Grams PMI w_9,0.1516,0.4411,0.4848,0.4137
BPIC15_3,Activity-Context N-Grams PPMI w_3,0.3367,0.6346,0.6864,0.631
BPIC15_3,Activity-Context N-Grams PPMI w_5,0.2199,0.5512,0.6052,0.5177
BPIC15_3,Activity-Context N-Grams PPMI w_9,0.1516,0.4411,0.4848,0.4137
BPIC15_3,Activity-Context N-Grams w_3,0.546,0.6434,0.6863,0.6311
BPIC15_3,Activity-Context N-Grams w_5,0.4042,0.5511,0.6047,0.5177
BPIC15_3,Activity-Context N-Grams w_9,0.2769,0.4382,0.4818,0.4136
BPIC15_3,Bose 2009 Substitution Scores w_3,0.7005,0.579,0.5981,0.6975
BPIC15_3,Bose 2009 Substitution Scores w_5,0.7477,0.5301,0.5692,0.5667
BPIC15_3,Bose 2009 Substitution Scores w_9,0.7457,0.4291,0.467,0.4389
BPIC15_3,Chiorrini 2022 Embedding Process Structure,0.9549,0.1338,0.1752,0.6407
BPIC15_3,De Koninck 2018 act2vec CBOW w_3,0.9299,0.594,0.6368,0.8992
BPIC15_3,De Koninck 2018 act2vec CBOW w_5,0.9229,0.5616,0.5918,0.8933
BPIC15_3,De Koninck 2018 act2vec CBOW w_9,0.9056,0.4979,0.5188,0.8864
BPIC15_3,De Koninck 2018 act2vec skip-gram w_3,0.9259,0.5769,0.6233,0.9042
BPIC15_3,De Koninck 2018 act2vec skip-gram w_5,0.9209,0.5462,0.589,0.9017
BPIC15_3,De Koninck 2018 act2vec skip-gram w_9,0.9168,0.4911,0.548,0.9001
BPIC15_3,Gamallo Fernandez 2023 Context Based w_3,0.551,0.0175,0.0251,0.5386
BPIC15_3,Unit Distance,0.0796,0.004,0.0016,0.0
BPIC15_4,Activity-Activitiy Co Occurrence Bag Of Words PMI w_3,0.7386,0.6143,0.6851,0.7042
BPIC15_4,Activity-Activitiy Co Occurrence Bag Of Words PMI w_5,0.7451,0.5874,0.6389,0.5937
BPIC15_4,Activity-Activitiy Co Occurrence Bag Of Words PMI w_9,0.7244,0.5198,0.5601,0.4891
BPIC15_4,Activity-Activitiy Co Occurrence Bag Of Words PPMI w_3,0.718,0.6132,0.6836,0.7036
BPIC15_4,Activity-Activitiy Co Occurrence Bag Of Words PPMI w_5,0.652,0.5836,0.6374,0.5931
BPIC15_4,Activity-Activitiy Co Occurrence Bag Of Words PPMI w_9,0.5723,0.5193,0.5596,0.489
BPIC15_4,Activity-Activitiy Co Occurrence Bag Of Words w_3,0.6869,0.607,0.6773,0.7026
BPIC15_4,Activity-Activitiy Co Occurrence Bag Of Words w_5,0.5771,0.5933,0.6338,0.5932
BPIC15_4,Activity-Activitiy Co Occurrence Bag Of Words w_9,0.4433,0.5188,0.5566,0.4889
BPIC15_4,Activity-Activitiy Co Occurrence N-Gram PMI w_3,0.7556,0.6162,0.6815,0.6943
BPIC15_4,Activity-Activitiy Co Occurrence N-Gram PMI w_5,0.7446,0.5857,0.6355,0.5632
BPIC15_4,Activity-Activitiy Co Occurrence N-Gram PMI w_9,0.7007,0.4685,0.4999,0.4341
BPIC15_4,Activity-Activitiy Co Occurrence N-Gram PPMI w_3,0.7145,0.6155,0.6807,0.6938
BPIC15_4,Activity-Activitiy Co Occurrence N-Gram PPMI w_5,0.6395,0.5843,0.6329,0.5628
BPIC15_4,Activity-Activitiy Co Occurrence N-Gram PPMI w_9,0.5197,0.4684,0.4999,0.4341
BPIC15_4,Activity-Activitiy Co Occurrence N-Gram w_3,0.6845,0.617,0.684,0.6935
BPIC15_4,Activity-Activitiy Co Occurrence N-Gram w_5,0.5325,0.5785,0.6162,0.5627
BPIC15_4,Activity-Activitiy Co Occurrence N-Gram w_9,0.354,0.4675,0.4987,0.4341
BPIC15_4,Activity-Context Bag Of Words PMI w_3,0.4819,0.6628,0.7266,0.6535
BPIC15_4,Activity-Context Bag Of Words PMI w_5,0.3368,0.6043,0.6673,0.5661
BPIC15_4,Activity-Context Bag Of Words PMI w_9,0.2435,0.5159,0.5698,0.469
BPIC15_4,Activity-Context Bag Of Words PPMI w_3,0.4606,0.6628,0.7266,0.6534
BPIC15_4,Activity-Context Bag Of Words PPMI w_5,0.3345,0.6043,0.6673,0.5661
BPIC15_4,Activity-Context Bag Of Words PPMI w_9,0.2423,0.5159,0.5698,0.469
BPIC15_4,Activity-Context Bag Of Words w_3,0.6224,0.6623,0.7189,0.6534
BPIC15_4,Activity-Context Bag Of Words w_5,0.5,0.6019,0.6614,0.566
BPIC15_4,Activity-Context Bag Of Words w_9,0.3721,0.5112,0.5658,0.469
BPIC15_4,Activity-Context N-Grams PMI w_3,0.4671,0.6686,0.7362,0.6464
BPIC15_4,Activity-Context N-Grams PMI w_5,0.3106,0.5794,0.6396,0.5434
BPIC15_4,Activity-Context N-Grams PMI w_9,0.2037,0.4567,0.5062,0.4157
BPIC15_4,Activity-Context N-Grams PPMI w_3,0.4464,0.6686,0.7362,0.6464
BPIC15_4,Activity-Context N-Grams PPMI w_5,0.306,0.5794,0.6396,0.5434
BPIC15_4,Activity-Context N-Grams PPMI w_9,0.2027,0.4567,0.5062,0.4157
BPIC15_4,Activity-Context N-Grams w_3,0.6139,0.6618,0.7225,0.6464
BPIC15_4,Activity-Context N-Grams w_5,0.4618,0.5778,0.6362,0.5434
BPIC15_4,Activity-Context N-Grams w_9,0.3005,0.4523,0.5015,0.4156
BPIC15_4,Bose 2009 Substitution Scores w_3,0.7492,0.6053,0.641,0.6886
BPIC15_4,Bose 2009 Substitution Scores w_5,0.7742,0.5649,0.6088,0.5775
BPIC15_4,Bose 2009 Substitution Scores w_9,0.7612,0.4495,0.4939,0.4325
BPIC15_4,Chiorrini 2022 Embedding Process Structure,0.9545,0.1755,0.2267,0.6541
BPIC15_4,De Koninck 2018 act2vec CBOW w_3,0.9443,0.6558,0.6991,0.8587
BPIC15_4,De Koninck 2018 act2vec CBOW w_5,0.9408,0.601,0.6414,0.8589
BPIC15_4,De Koninck 2018 act2vec CBOW w_9,0.9229,0.5328,0.5719,0.8481
BPIC15_4,De Koninck 2018 act2vec skip-gram w_3,0.9465,0.6397,0.6915,0.8674
BPIC15_4,De Koninck 2018 act2vec skip-gram w_5,0.9433,0.6011,0.6555,0.8654
BPIC15_4,De Koninck 2018 act2vec skip-gram w_9,0.9393,0.5478,0.6043,0.868
BPIC15_4,Gamallo Fernandez 2023 Context Based w_3,0.5161,0.0191,0.0249,0.4732
BPIC15_4,Unit Distance,0.1226,0.0052,0.0,0.0
BPIC15_5,Activity-Activitiy Co Occurrence Bag Of Words PMI w_3,0.6751,0.509,0.5679,0.6404
BPIC15_5,Activity-Activitiy Co Occurrence Bag Of Words PMI w_5,0.6671,0.4831,0.5288,0.5067
BPIC15_5,Activity-Activitiy Co Occurrence Bag Of Words PMI w_9,0.6619,0.4413,0.4761,0.4164
BPIC15_5,Activity-Activitiy Co Occurrence Bag Of Words PPMI w_3,0.6033,0.5068,0.5661,0.6388
BPIC15_5,Activity-Activitiy Co Occurrence Bag Of Words PPMI w_5,0.5475,0.4812,0.5278,0.5052
BPIC15_5,Activity-Activitiy Co Occurrence Bag Of Words PPMI w_9,0.4954,0.4408,0.4749,0.4158
BPIC15_5,Activity-Activitiy Co Occurrence Bag Of Words w_3,0.5938,0.5155,0.563,0.6374
BPIC15_5,Activity-Activitiy Co Occurrence Bag Of Words w_5,0.4826,0.4884,0.5263,0.5053
BPIC15_5,Activity-Activitiy Co Occurrence Bag Of Words w_9,0.372,0.4334,0.4672,0.4158
BPIC15_5,Activity-Activitiy Co Occurrence N-Gram PMI w_3,0.661,0.5252,0.5842,0.6204
BPIC15_5,Activity-Activitiy Co Occurrence N-Gram PMI w_5,0.6694,0.4745,0.5166,0.4733
BPIC15_5,Activity-Activitiy Co Occurrence N-Gram PMI w_9,0.6593,0.3934,0.4288,0.3626
BPIC15_5,Activity-Activitiy Co Occurrence N-Gram PPMI w_3,0.6005,0.5222,0.5821,0.6188
BPIC15_5,Activity-Activitiy Co Occurrence N-Gram PPMI w_5,0.5376,0.4732,0.5149,0.4723
BPIC15_5,Activity-Activitiy Co Occurrence N-Gram PPMI w_9,0.4467,0.3934,0.4288,0.3625
BPIC15_5,Activity-Activitiy Co Occurrence N-Gram w_3,0.5879,0.5294,0.5755,0.6173
BPIC15_5,Activity-Activitiy Co Occurrence N-Gram w_5,0.4518,0.4693,0.502,0.4722
BPIC15_5,Activity-Activitiy Co Occurrence N-Gram w_9,0.3066,0.3888,0.4226,0.3625
BPIC15_5,Activity-Context Bag Of Words PMI w_3,0.3669,0.5622,0.6186,0.5455
BPIC15_5,Activity-Context Bag Of Words PMI w_5,0.2612,0.4952,0.5507,0.4674
BPIC15_5,Activity-Context Bag Of Words PMI w_9,0.2017,0.435,0.4807,0.4025
BPIC15_5,Activity-Context Bag Of Words PPMI w_3,0.3476,0.5622,0.6179,0.5453
BPIC15_5,Activity-Context Bag Of Words PPMI w_5,0.2592,0.4952,0.5507,0.4674
BPIC15_5,Activity-Context Bag Of Words PPMI w_9,0.2013,0.4352,0.4809,0.4025
BPIC15_5,Activity-Context Bag Of Words w_3,0.5214,0.564,0.6126,0.5453
BPIC15_5,Activity-Context Bag Of Words w_5,0.4252,0.5014,0.5535,0.4674
BPIC15_5,Activity-Context Bag Of Words w_9,0.3325,0.4318,0.4759,0.4025
BPIC15_5,Activity-Context N-Grams PMI w_3,0.3459,0.5568,0.6168,0.5359
BPIC15_5,Activity-Context N-Grams PMI w_5,0.2434,0.4756,0.523,0.448
BPIC15_5,Activity-Context N-Grams PMI w_9,0.1717,0.3805,0.4304,0.3479
BPIC15_5,Activity-Context N-Grams PPMI w_3,0.3359,0.5571,0.6171,0.5359
BPIC15_5,Activity-Context N-Grams PPMI w_5,0.2418,0.4756,0.523,0.448
BPIC15_5,Activity-Context N-Grams PPMI w_9,0.1717,0.3823,0.4315,0.3479
BPIC15_5,Activity-Context N-Grams w_3,0.514,0.5608,0.6061,0.5359
BPIC15_5,Activity-Context N-Grams w_5,0.3993,0.4812,0.5279,0.4481
BPIC15_5,Activity-Context N-Grams w_9,0.271,0.3791,0.429,0.3479
BPIC15_5,Bose 2009 Substitution Scores w_3,0.6979,0.4771,0.5004,0.6126
BPIC15_5,Bose 2009 Substitution Scores w_5,0.7456,0.462,0.4901,0.4908
BPIC15_5,Bose 2009 Substitution Scores w_9,0.7367,0.3743,0.4183,0.3673
BPIC15_5,Chiorrini 2022 Embedding Process Structure,0.9471,0.1328,0.1799,0.6107
BPIC15_5,De Koninck 2018 act2vec CBOW w_3,0.9228,0.5692,0.6134,0.8576
BPIC15_5,De Koninck 2018 act2vec CBOW w_5,0.9145,0.5192,0.551,0.8533
BPIC15_5,De Koninck 2018 act2vec CBOW w_9,0.9029,0.4702,0.4833,0.8468
BPIC15_5,De Koninck 2018 act2vec skip-gram w_3,0.9256,0.5571,0.6079,0.8669
BPIC15_5,De Koninck 2018 act2vec skip-gram w_5,0.9247,0.53,0.5746,0.8652
BPIC15_5,De Koninck 2018 act2vec skip-gram w_9,0.9322,0.4922,0.5517,0.8672
BPIC15_5,Gamallo Fernandez 2023 Context Based w_3,0.5153,0.0164,0.0238,0.5068
BPIC15_5,Unit Distance,0.1126,0.0032,0.002,0.0
BPIC17,Activity-Activitiy Co Occurrence Bag Of Words PMI w_3,0.8673,0.7869,0.7994,0.9368
BPIC17,Activity-Activitiy Co Occurrence Bag Of Words PMI w_5,0.8697,0.8387,0.8412,0.926
BPIC17,Activity-Activitiy Co Occurrence Bag Of Words PMI w_9,0.8416,0.84,0.8374,0.9304
BPIC17,Activity-Activitiy Co Occurrence Bag Of Words PPMI w_3,0.8357,0.7604,0.7735,0.9263
BPIC17,Activity-Activitiy Co Occurrence Bag Of Words PPMI w_5,0.8242,0.786,0.7812,0.9151
BPIC17,Activity-Activitiy Co Occurrence Bag Of Words PPMI w_9,0.7407,0.7356,0.7314,0.8981
BPIC17,Activity-Activitiy Co Occurrence Bag Of Words w_3,0.7171,0.6073,0.6196,0.8715
BPIC17,Activity-Activitiy Co Occurrence Bag Of Words w_5,0.7058,0.6458,0.641,0.8902
BPIC17,Activity-Activitiy Co Occurrence Bag Of Words w_9,0.6298,0.6389,0.6365,0.8681
BPIC17,Activity-Activitiy Co Occurrence N-Gram PMI w_3,0.8417,0.762,0.7641,0.9068
BPIC17,Activity-Activitiy Co Occurrence N-Gram PMI w_5,0.8736,0.8433,0.8538,0.9155
BPIC17,Activity-Activitiy Co Occurrence N-Gram PMI w_9,0.8296,0.8029,0.8218,0.8922
BPIC17,Activity-Activitiy Co Occurrence N-Gram PPMI w_3,0.8148,0.7296,0.7353,0.9001
BPIC17,Activity-Activitiy Co Occurrence N-Gram PPMI w_5,0.8118,0.79,0.7942,0.878
BPIC17,Activity-Activitiy Co Occurrence N-Gram PPMI w_9,0.7059,0.7275,0.7043,0.8335
BPIC17,Activity-Activitiy Co Occurrence N-Gram w_3,0.6955,0.5974,0.6069,0.8573
BPIC17,Activity-Activitiy Co Occurrence N-Gram w_5,0.6986,0.6784,0.6643,0.8846
BPIC17,Activity-Activitiy Co Occurrence N-Gram w_9,0.5989,0.6672,0.6314,0.8722
BPIC17,Activity-Context Bag Of Words PMI w_3,0.6421,0.7521,0.7504,0.8422
BPIC17,Activity-Context Bag Of Words PMI w_5,0.4461,0.7201,0.677,0.8418
BPIC17,Activity-Context Bag Of Words PMI w_9,0.3083,0.6519,0.6419,0.7978
BPIC17,Activity-Context Bag Of Words PPMI w_3,0.5027,0.7142,0.69,0.8308
BPIC17,Activity-Context Bag Of Words PPMI w_5,0.3804,0.6456,0.621,0.8233
BPIC17,Activity-Context Bag Of Words PPMI w_9,0.2896,0.6465,0.6406,0.7878
BPIC17,Activity-Context Bag Of Words w_3,0.5891,0.6555,0.64,0.8351
BPIC17,Activity-Context Bag Of Words w_5,0.5751,0.6789,0.6347,0.8405
BPIC17,Activity-Context Bag Of Words w_9,0.5527,0.6685,0.6559,0.7873
BPIC17,Activity-Context N-Grams PMI w_3,0.5817,0.7582,0.7474,0.8433
BPIC17,Activity-Context N-Grams PMI w_5,0.4087,0.7131,0.6578,0.8455
BPIC17,Activity-Context N-Grams PMI w_9,0.2804,0.7116,0.6857,0.8187
BPIC17,Activity-Context N-Grams PPMI w_3,0.483,0.7187,0.6976,0.8368
BPIC17,Activity-Context N-Grams PPMI w_5,0.3529,0.657,0.621,0.834
BPIC17,Activity-Context N-Grams PPMI w_9,0.2742,0.7063,0.6797,0.8148
BPIC17,Activity-Context N-Grams w_3,0.5914,0.6671,0.6447,0.8395
BPIC17,Activity-Context N-Grams w_5,0.5794,0.696,0.6472,0.8448
BPIC17,Activity-Context N-Grams w_9,0.5554,0.6968,0.6711,0.8127
BPIC17,Bose 2009 Substitution Scores w_3,0.6144,0.6824,0.6541,0.874
BPIC17,Bose 2009 Substitution Scores w_5,0.6149,0.7436,0.7159,0.8813
BPIC17,Bose 2009 Substitution Scores w_9,0.5995,0.6974,0.7013,0.8359
BPIC17,Chiorrini 2022 Embedding Process Structure,0.9772,0.6723,0.692,0.9244
BPIC17,De Koninck 2018 act2vec CBOW w_3,0.7554,0.6315,0.6371,0.8194
BPIC17,De Koninck 2018 act2vec CBOW w_5,0.7469,0.6209,0.6294,0.8172
BPIC17,De Koninck 2018 act2vec CBOW w_9,0.7402,0.6201,0.6426,0.8231
BPIC17,De Koninck 2018 act2vec skip-gram w_3,0.7213,0.5541,0.5604,0.8509
BPIC17,De Koninck 2018 act2vec skip-gram w_5,0.7049,0.5209,0.5375,0.7963
BPIC17,De Koninck 2018 act2vec skip-gram w_9,0.6963,0.4882,0.5037,0.7618
BPIC17,Unit Distance,0.0,0.056,0.0924,0.0
BPIC18,Activity-Activitiy Co Occurrence Bag Of Words PMI w_3,0.9545,0.7959,0.8606,0.961
BPIC18,Activity-Activitiy Co Occurrence Bag Of Words PMI w_5,0.9331,0.8042,0.8436,0.963
BPIC18,Activity-Activitiy Co Occurrence Bag Of Words PMI w_9,0.9171,0.8715,0.8986,0.9676
BPIC18,Activity-Activitiy Co Occurrence Bag Of Words PPMI w_3,0.9533,0.7947,0.8554,0.9604
BPIC18,Activity-Activitiy Co Occurrence Bag Of Words PPMI w_5,0.9235,0.7923,0.838,0.9581
BPIC18,Activity-Activitiy Co Occurrence Bag Of Words PPMI w_9,0.8929,0.8205,0.8281,0.9542
BPIC18,Activity-Activitiy Co Occurrence Bag Of Words w_3,0.8612,0.5548,0.6179,0.8353
BPIC18,Activity-Activitiy Co Occurrence Bag Of Words w_5,0.8382,0.5849,0.6602,0.8632
BPIC18,Activity-Activitiy Co Occurrence Bag Of Words w_9,0.7273,0.584,0.6167,0.8822
BPIC18,Activity-Activitiy Co Occurrence N-Gram PMI w_3,0.9501,0.8105,0.8615,0.9567
BPIC18,Activity-Activitiy Co Occurrence N-Gram PMI w_5,0.9212,0.8821,0.9119,0.9725
BPIC18,Activity-Activitiy Co Occurrence N-Gram PMI w_9,0.8676,0.8749,0.8952,0.9601
BPIC18,Activity-Activitiy Co Occurrence N-Gram PPMI w_3,0.9469,0.8,0.8541,0.9552
BPIC18,Activity-Activitiy Co Occurrence N-Gram PPMI w_5,0.9083,0.8737,0.9104,0.9695
BPIC18,Activity-Activitiy Co Occurrence N-Gram PPMI w_9,0.8326,0.8383,0.8551,0.9432
BPIC18,Activity-Activitiy Co Occurrence N-Gram w_3,0.8565,0.578,0.6602,0.863
BPIC18,Activity-Activitiy Co Occurrence N-Gram w_5,0.7999,0.6592,0.7421,0.8793
BPIC18,Activity-Activitiy Co Occurrence N-Gram w_9,0.5448,0.6543,0.6866,0.8822
BPIC18,Activity-Context Bag Of Words PMI w_3,0.6391,0.9274,0.938,0.9719
BPIC18,Activity-Context Bag Of Words PMI w_5,0.3958,0.9218,0.9262,0.9664
BPIC18,Activity-Context Bag Of Words PMI w_9,0.2203,0.8741,0.8817,0.9409
BPIC18,Activity-Context Bag Of Words PPMI w_3,0.5357,0.9029,0.9083,0.9586
BPIC18,Activity-Context Bag Of Words PPMI w_5,0.3232,0.897,0.892,0.9557
BPIC18,Activity-Context Bag Of Words PPMI w_9,0.1634,0.8592,0.8614,0.9307
BPIC18,Activity-Context Bag Of Words w_3,0.8023,0.8804,0.8726,0.9502
BPIC18,Activity-Context Bag Of Words w_5,0.6674,0.8698,0.8721,0.9386
BPIC18,Activity-Context Bag Of Words w_9,0.3901,0.6953,0.7015,0.895
BPIC18,Activity-Context N-Grams PMI w_3,0.6082,0.9423,0.9482,0.9755
BPIC18,Activity-Context N-Grams PMI w_5,0.3387,0.9339,0.939,0.9589
BPIC18,Activity-Context N-Grams PMI w_9,0.1136,0.8723,0.878,0.914
BPIC18,Activity-Context N-Grams PPMI w_3,0.5229,0.9357,0.9409,0.9714
BPIC18,Activity-Context N-Grams PPMI w_5,0.2876,0.9239,0.9276,0.9512
BPIC18,Activity-Context N-Grams PPMI w_9,0.1096,0.8694,0.875,0.9105
BPIC18,Activity-Context N-Grams w_3,0.8059,0.9064,0.9044,0.9573
BPIC18,Activity-Context N-Grams w_5,0.6599,0.89,0.8891,0.9391
BPIC18,Activity-Context N-Grams w_9,0.3695,0.8209,0.8249,0.9005
BPIC18,Bose 2009 Substitution Scores w_3,0.8043,0.8067,0.7558,0.9529
BPIC18,Bose 2009 Substitution Scores w_5,0.7591,0.8314,0.8084,0.9373
BPIC18,Bose 2009 Substitution Scores w_9,0.7321,0.7876,0.7976,0.8998
BPIC18,Chiorrini 2022 Embedding Process Structure,0.9013,0.3371,0.3873,0.7627
BPIC18,De Koninck 2018 act2vec CBOW w_3,0.7754,0.6644,0.6932,0.8451
BPIC18,De Koninck 2018 act2vec CBOW w_5,0.7707,0.6677,0.6934,0.8508
BPIC18,De Koninck 2018 act2vec CBOW w_9,0.7896,0.6868,0.7043,0.8633
BPIC18,De Koninck 2018 act2vec skip-gram w_3,0.7675,0.5809,0.6002,0.8877
BPIC18,De Koninck 2018 act2vec skip-gram w_5,0.7565,0.5214,0.5261,0.8705
BPIC18,De Koninck 2018 act2vec skip-gram w_9,0.7402,0.4511,0.4577,0.8381
BPIC18,Unit Distance,0.0,0.0594,0.0849,0.0
BPIC19,Activity-Activitiy Co Occurrence Bag Of Words PMI w_3,0.9299,0.8094,0.8739,0.9251
BPIC19,Activity-Activitiy Co Occurrence Bag Of Words PMI w_5,0.921,0.8669,0.9004,0.935
BPIC19,Activity-Activitiy Co Occurrence Bag Of Words PMI w_9,0.8851,0.838,0.8547,0.9099
BPIC19,Activity-Activitiy Co Occurrence Bag Of Words PPMI w_3,0.9303,0.8108,0.873,0.9246
BPIC19,Activity-Activitiy Co Occurrence Bag Of Words PPMI w_5,0.9034,0.8662,0.9002,0.9325
BPIC19,Activity-Activitiy Co Occurrence Bag Of Words PPMI w_9,0.8555,0.8303,0.8482,0.8973
BPIC19,Activity-Activitiy Co Occurrence Bag Of Words w_3,0.8387,0.6841,0.7422,0.8705
BPIC19,Activity-Activitiy Co Occurrence Bag Of Words w_5,0.826,0.7285,0.7927,0.9036
BPIC19,Activity-Activitiy Co Occurrence Bag Of Words w_9,0.7688,0.6949,0.7504,0.8644
BPIC19,Activity-Activitiy Co Occurrence N-Gram PMI w_3,0.9297,0.8329,0.8924,0.9315
BPIC19,Activity-Activitiy Co Occurrence N-Gram PMI w_5,0.9369,0.8817,0.9198,0.9272
BPIC19,Activity-Activitiy Co Occurrence N-Gram PMI w_9,0.8684,0.833,0.8604,0.8806
BPIC19,Activity-Activitiy Co Occurrence N-Gram PPMI w_3,0.9287,0.8316,0.8915,0.9312
BPIC19,Activity-Activitiy Co Occurrence N-Gram PPMI w_5,0.9023,0.8786,0.9156,0.9244
BPIC19,Activity-Activitiy Co Occurrence N-Gram PPMI w_9,0.8447,0.8169,0.842,0.8734
BPIC19,Activity-Activitiy Co Occurrence N-Gram w_3,0.8462,0.6982,0.7757,0.8825
BPIC19,Activity-Activitiy Co Occurrence N-Gram w_5,0.8284,0.7599,0.8185,0.9002
BPIC19,Activity-Activitiy Co Occurrence N-Gram w_9,0.7414,0.7118,0.7617,0.8563
BPIC19,Activity-Context Bag Of Words PMI w_3,0.6735,0.8879,0.9075,0.9278
BPIC19,Activity-Context Bag Of Words PMI w_5,0.4533,0.8997,0.921,0.9097
BPIC19,Activity-Context Bag Of Words PMI w_9,0.3062,0.8241,0.8243,0.8569
BPIC19,Activity-Context Bag Of Words PPMI w_3,0.5663,0.8538,0.8788,0.917
BPIC19,Activity-Context Bag Of Words PPMI w_5,0.3993,0.8736,0.8847,0.9051
BPIC19,Activity-Context Bag Of Words PPMI w_9,0.2796,0.814,0.8129,0.8509
BPIC19,Activity-Context Bag Of Words w_3,0.8229,0.8672,0.8778,0.9095
BPIC19,Activity-Context Bag Of Words w_5,0.7674,0.852,0.8656,0.8908
BPIC19,Activity-Context Bag Of Words w_9,0.699,0.797,0.8072,0.8346
BPIC19,Activity-Context N-Grams PMI w_3,0.6426,0.8951,0.9157,0.9261
BPIC19,Activity-Context N-Grams PMI w_5,0.3949,0.9073,0.9306,0.9082
BPIC19,Activity-Context N-Grams PMI w_9,0.2633,0.8421,0.8538,0.8501
BPIC19,Activity-Context N-Grams PPMI w_3,0.5461,0.8676,0.8837,0.9183
BPIC19,Activity-Context N-Grams PPMI w_5,0.3649,0.9052,0.9291,0.9059
BPIC19,Activity-Context N-Grams PPMI w_9,0.2492,0.8372,0.8496,0.8479
BPIC19,Activity-Context N-Grams w_3,0.8241,0.8713,0.8809,0.9133
BPIC19,Activity-Context N-Grams w_5,0.7549,0.8577,0.8772,0.8953
BPIC19,Activity-Context N-Grams w_9,0.6682,0.8033,0.8157,0.8397
BPIC19,Bose 2009 Substitution Scores w_3,0.7139,0.6644,0.6426,0.9082
BPIC19,Bose 2009 Substitution Scores w_5,0.7306,0.7383,0.6784,0.8999
BPIC19,Bose 2009 Substitution Scores w_9,0.7215,0.696,0.6536,0.8652
BPIC19,Chiorrini 2022 Embedding Process Structure,0.9293,0.4021,0.4604,0.7814
BPIC19,De Koninck 2018 act2vec CBOW w_3,0.875,0.7493,0.7965,0.897
BPIC19,De Koninck 2018 act2vec CBOW w_5,0.8662,0.7329,0.7796,0.8941
BPIC19,De Koninck 2018 act2vec CBOW w_9,0.8608,0.7162,0.7774,0.8816
BPIC19,De Koninck 2018 act2vec skip-gram w_3,0.8851,0.7942,0.816,0.9471
BPIC19,De Koninck 2018 act2vec skip-gram w_5,0.881,0.7655,0.7823,0.9436
BPIC19,De Koninck 2018 act2vec skip-gram w_9,0.8737,0.7378,0.7596,0.933
BPIC19,Unit Distance,0.0206,0.0552,0.0823,0.0
BPIC20_DomesticDeclarations,Activity-Activitiy Co Occurrence Bag Of Words PMI w_3,0.9861,0.8702,0.886,0.8241
BPIC20_DomesticDeclarations,Activity-Activitiy Co Occurrence Bag Of Words PMI w_5,0.9863,0.8384,0.855,0.821
BPIC20_DomesticDeclarations,Activity-Activitiy Co Occurrence Bag Of Words PMI w_9,0.971,0.8466,0.8686,0.8218
BPIC20_DomesticDeclarations,Activity-Activitiy Co Occurrence Bag Of Words PPMI w_3,0.9857,0.8717,0.8876,0.8242
BPIC20_DomesticDeclarations,Activity-Activitiy Co Occurrence Bag Of Words PPMI w_5,0.9865,0.8378,0.8607,0.8213
BPIC20_DomesticDeclarations,Activity-Activitiy Co Occurrence Bag Of Words PPMI w_9,0.983,0.8672,0.8781,0.8236
BPIC20_DomesticDeclarations,Activity-Activitiy Co Occurrence Bag Of Words w_3,0.9511,0.8439,0.8841,0.8189
BPIC20_DomesticDeclarations,Activity-Activitiy Co Occurrence Bag Of Words w_5,0.9392,0.8084,0.8262,0.8107
BPIC20_DomesticDeclarations,Activity-Activitiy Co Occurrence Bag Of Words w_9,0.9238,0.8204,0.83,0.8189
BPIC20_DomesticDeclarations,Activity-Activitiy Co Occurrence N-Gram PMI w_3,0.9917,0.872,0.8895,0.8241
BPIC20_DomesticDeclarations,Activity-Activitiy Co Occurrence N-Gram PMI w_5,0.9929,0.8996,0.9023,0.826
BPIC20_DomesticDeclarations,Activity-Activitiy Co Occurrence N-Gram PMI w_9,0.9903,0.8572,0.8599,0.8234
BPIC20_DomesticDeclarations,Activity-Activitiy Co Occurrence N-Gram PPMI w_3,0.9917,0.8722,0.8895,0.8241
BPIC20_DomesticDeclarations,Activity-Activitiy Co Occurrence N-Gram PPMI w_5,0.9929,0.8996,0.9023,0.826
BPIC20_DomesticDeclarations,Activity-Activitiy Co Occurrence N-Gram PPMI w_9,0.9903,0.8572,0.8599,0.8234
BPIC20_DomesticDeclarations,Activity-Activitiy Co Occurrence N-Gram w_3,0.9705,0.8651,0.8859,0.8208
BPIC20_DomesticDeclarations,Activity-Activitiy Co Occurrence N-Gram w_5,0.9538,0.8441,0.8596,0.82
BPIC20_DomesticDeclarations,Activity-Activitiy Co Occurrence N-Gram w_9,0.9329,0.8233,0.8253,0.8204
BPIC20_DomesticDeclarations,Activity-Context Bag Of Words PMI w_3,0.856,0.838,0.8556,0.8213
BPIC20_DomesticDeclarations,Activity-Context Bag Of Words PMI w_5,0.7089,0.8476,0.8531,0.808
BPIC20_DomesticDeclarations,Activity-Context Bag Of Words PMI w_9,0.4933,0.8767,0.8775,0.8178
BPIC20_DomesticDeclarations,Activity-Context Bag Of Words PPMI w_3,0.8038,0.8393,0.8578,0.8209
BPIC20_DomesticDeclarations,Activity-Context Bag Of Words PPMI w_5,0.6736,0.8651,0.8651,0.8206
BPIC20_DomesticDeclarations,Activity-Context Bag Of Words PPMI w_9,0.472,0.8879,0.8873,0.8222
BPIC20_DomesticDeclarations,Activity-Context Bag Of Words w_3,0.9424,0.8297,0.8454,0.8211
BPIC20_DomesticDeclarations,Activity-Context Bag Of Words w_5,0.8826,0.8381,0.8394,0.8213
BPIC20_DomesticDeclarations,Activity-Context Bag Of Words w_9,0.8181,0.8593,0.853,0.8196
BPIC20_DomesticDeclarations,Activity-Context N-Grams PMI w_3,0.8171,0.8736,0.8804,0.8241
BPIC20_DomesticDeclarations,Activity-Context N-Grams PMI w_5,0.6569,0.8461,0.8509,0.8144
BPIC20_DomesticDeclarations,Activity-Context N-Grams PMI w_9,0.46,0.8817,0.8872,0.8184
BPIC20_DomesticDeclarations,Activity-Context N-Grams PPMI w_3,0.8087,0.8757,0.8811,0.8242
BPIC20_DomesticDeclarations,Activity-Context N-Grams PPMI w_5,0.652,0.8588,0.8618,0.8229
BPIC20_DomesticDeclarations,Activity-Context N-Grams PPMI w_9,0.4646,0.8928,0.897,0.8226
BPIC20_DomesticDeclarations,Activity-Context N-Grams w_3,0.9424,0.842,0.8521,0.8221
BPIC20_DomesticDeclarations,Activity-Context N-Grams w_5,0.8824,0.8455,0.8522,0.8219
BPIC20_DomesticDeclarations,Activity-Context N-Grams w_9,0.8198,0.8749,0.8754,0.8209
BPIC20_DomesticDeclarations,Bose 2009 Substitution Scores w_3,0.8789,0.7576,0.6987,0.8135
BPIC20_DomesticDeclarations,Bose 2009 Substitution Scores w_5,0.8586,0.7213,0.6429,0.8092
BPIC20_DomesticDeclarations,Bose 2009 Substitution Scores w_9,0.8646,0.7478,0.6858,0.8086
BPIC20_DomesticDeclarations,Chiorrini 2022 Embedding Process Structure,0.9152,0.4653,0.5119,0.6567
BPIC20_DomesticDeclarations,De Koninck 2018 act2vec CBOW w_3,0.86,0.6755,0.6693,0.7829
BPIC20_DomesticDeclarations,De Koninck 2018 act2vec CBOW w_5,0.8541,0.6698,0.6716,0.7809
BPIC20_DomesticDeclarations,De Koninck 2018 act2vec CBOW w_9,0.8489,0.6551,0.6639,0.7793
BPIC20_DomesticDeclarations,De Koninck 2018 act2vec skip-gram w_3,0.7826,0.5879,0.5855,0.7481
BPIC20_DomesticDeclarations,De Koninck 2018 act2vec skip-gram w_5,0.7738,0.5778,0.5747,0.7449
BPIC20_DomesticDeclarations,De Koninck 2018 act2vec skip-gram w_9,0.7678,0.5604,0.5551,0.7389
BPIC20_DomesticDeclarations,Gamallo Fernandez 2023 Context Based w_3,0.458,0.0218,0.0168,0.3316
BPIC20_DomesticDeclarations,Unit Distance,0.1724,0.0539,0.0227,0.0
BPIC20_InternationalDeclarations,Activity-Activitiy Co Occurrence Bag Of Words PMI w_3,0.9591,0.8817,0.9148,0.9676
BPIC20_InternationalDeclarations,Activity-Activitiy Co Occurrence Bag Of Words PMI w_5,0.9569,0.9097,0.9244,0.9563
BPIC20_InternationalDeclarations,Activity-Activitiy Co Occurrence Bag Of Words PMI w_9,0.9483,0.9264,0.9423,0.9463
BPIC20_InternationalDeclarations,Activity-Activitiy Co Occurrence Bag Of Words PPMI w_3,0.9521,0.8787,0.9109,0.9667
BPIC20_InternationalDeclarations,Activity-Activitiy Co Occurrence Bag Of Words PPMI w_5,0.9544,0.9166,0.934,0.9562
BPIC20_InternationalDeclarations,Activity-Activitiy Co Occurrence Bag Of Words PPMI w_9,0.9421,0.9074,0.9304,0.9452
BPIC20_InternationalDeclarations,Activity-Activitiy Co Occurrence Bag Of Words w_3,0.9009,0.8128,0.8866,0.9493
BPIC20_InternationalDeclarations,Activity-Activitiy Co Occurrence Bag Of Words w_5,0.8914,0.8513,0.8716,0.9411
BPIC20_InternationalDeclarations,Activity-Activitiy Co Occurrence Bag Of Words w_9,0.8536,0.8992,0.9045,0.9438
BPIC20_InternationalDeclarations,Activity-Activitiy Co Occurrence N-Gram PMI w_3,0.95,0.9213,0.9412,0.9691
BPIC20_InternationalDeclarations,Activity-Activitiy Co Occurrence N-Gram PMI w_5,0.9642,0.9174,0.9318,0.9551
BPIC20_InternationalDeclarations,Activity-Activitiy Co Occurrence N-Gram PMI w_9,0.967,0.9323,0.9397,0.9435
BPIC20_InternationalDeclarations,Activity-Activitiy Co Occurrence N-Gram PPMI w_3,0.9505,0.9041,0.9381,0.9684
BPIC20_InternationalDeclarations,Activity-Activitiy Co Occurrence N-Gram PPMI w_5,0.9633,0.9258,0.9368,0.9546
BPIC20_InternationalDeclarations,Activity-Activitiy Co Occurrence N-Gram PPMI w_9,0.9469,0.9301,0.937,0.9422
BPIC20_InternationalDeclarations,Activity-Activitiy Co Occurrence N-Gram w_3,0.8732,0.8347,0.8734,0.9485
BPIC20_InternationalDeclarations,Activity-Activitiy Co Occurrence N-Gram w_5,0.9128,0.8886,0.9063,0.9509
BPIC20_InternationalDeclarations,Activity-Activitiy Co Occurrence N-Gram w_9,0.8327,0.9156,0.9215,0.9429
BPIC20_InternationalDeclarations,Activity-Context Bag Of Words PMI w_3,0.7751,0.941,0.9615,0.9658
BPIC20_InternationalDeclarations,Activity-Context Bag Of Words PMI w_5,0.5769,0.9303,0.9378,0.9506
BPIC20_InternationalDeclarations,Activity-Context Bag Of Words PMI w_9,0.3582,0.9373,0.9521,0.9343
BPIC20_InternationalDeclarations,Activity-Context Bag Of Words PPMI w_3,0.7295,0.9349,0.9579,0.9658
BPIC20_InternationalDeclarations,Activity-Context Bag Of Words PPMI w_5,0.5534,0.93,0.9371,0.9503
BPIC20_InternationalDeclarations,Activity-Context Bag Of Words PPMI w_9,0.3536,0.9373,0.9521,0.9343
BPIC20_InternationalDeclarations,Activity-Context Bag Of Words w_3,0.9267,0.9063,0.914,0.9663
BPIC20_InternationalDeclarations,Activity-Context Bag Of Words w_5,0.8728,0.9141,0.9269,0.9503
BPIC20_InternationalDeclarations,Activity-Context Bag Of Words w_9,0.719,0.9267,0.9379,0.9338
BPIC20_InternationalDeclarations,Activity-Context N-Grams PMI w_3,0.7529,0.9426,0.9627,0.9663
BPIC20_InternationalDeclarations,Activity-Context N-Grams PMI w_5,0.5253,0.9337,0.9448,0.9508
BPIC20_InternationalDeclarations,Activity-Context N-Grams PMI w_9,0.3172,0.943,0.9579,0.934
BPIC20_InternationalDeclarations,Activity-Context N-Grams PPMI w_3,0.7102,0.9395,0.9574,0.9676
BPIC20_InternationalDeclarations,Activity-Context N-Grams PPMI w_5,0.5075,0.9336,0.944,0.9506
BPIC20_InternationalDeclarations,Activity-Context N-Grams PPMI w_9,0.3151,0.943,0.9579,0.934
BPIC20_InternationalDeclarations,Activity-Context N-Grams w_3,0.9267,0.9247,0.9279,0.968
BPIC20_InternationalDeclarations,Activity-Context N-Grams w_5,0.8703,0.9179,0.93,0.9507
BPIC20_InternationalDeclarations,Activity-Context N-Grams w_9,0.7078,0.9326,0.9456,0.9336
BPIC20_InternationalDeclarations,Bose 2009 Substitution Scores w_3,0.7441,0.8686,0.7922,0.9653
BPIC20_InternationalDeclarations,Bose 2009 Substitution Scores w_5,0.8152,0.8597,0.7986,0.949
BPIC20_InternationalDeclarations,Bose 2009 Substitution Scores w_9,0.799,0.8972,0.8901,0.9365
BPIC20_InternationalDeclarations,Chiorrini 2022 Embedding Process Structure,0.9004,0.5135,0.5953,0.8295
BPIC20_InternationalDeclarations,De Koninck 2018 act2vec CBOW w_3,0.9652,0.9563,0.9727,0.969
BPIC20_InternationalDeclarations,De Koninck 2018 act2vec CBOW w_5,0.9651,0.9532,0.9699,0.9675
BPIC20_InternationalDeclarations,De Koninck 2018 act2vec CBOW w_9,0.9639,0.9477,0.9685,0.9674
BPIC20_InternationalDeclarations,De Koninck 2018 act2vec skip-gram w_3,0.9181,0.8917,0.9305,0.9575
BPIC20_InternationalDeclarations,De Koninck 2018 act2vec skip-gram w_5,0.9038,0.8648,0.9148,0.9521
BPIC20_InternationalDeclarations,De Koninck 2018 act2vec skip-gram w_9,0.8944,0.8403,0.8891,0.949
BPIC20_InternationalDeclarations,Gamallo Fernandez 2023 Context Based w_3,0.3815,0.0103,0.0093,0.3803
BPIC20_InternationalDeclarations,Unit Distance,0.0267,0.0389,0.0079,0.0
BPIC20_PermitLog,Activity-Activitiy Co Occurrence Bag Of Words PMI w_3,0.9035,0.7976,0.8584,0.9303
BPIC20_PermitLog,Activity-Activitiy Co Occurrence Bag Of Words PMI w_5,0.8648,0.8173,0.8455,0.8848
BPIC20_PermitLog,Activity-Activitiy Co Occurrence Bag Of Words PMI w_9,0.8838,0.8465,0.8724,0.8624
BPIC20_PermitLog,Activity-Activitiy Co Occurrence Bag Of Words PPMI w_3,0.8871,0.7901,0.8507,0.9282
BPIC20_PermitLog,Activity-Activitiy Co Occurrence Bag Of Words PPMI w_5,0.8341,0.81,0.8407,0.8799
BPIC20_PermitLog,Activity-Activitiy Co Occurrence Bag Of Words PPMI w_9,0.863,0.8279,0.8563,0.858
BPIC20_PermitLog,Activity-Activitiy Co Occurrence Bag Of Words w_3,0.7935,0.6491,0.7498,0.8962
BPIC20_PermitLog,Activity-Activitiy Co Occurrence Bag Of Words w_5,0.7744,0.7378,0.7746,0.8636
BPIC20_PermitLog,Activity-Activitiy Co Occurrence Bag Of Words w_9,0.7752,0.8164,0.827,0.8576
BPIC20_PermitLog,Activity-Activitiy Co Occurrence N-Gram PMI w_3,0.9098,0.7882,0.8336,0.9286
BPIC20_PermitLog,Activity-Activitiy Co Occurrence N-Gram PMI w_5,0.8726,0.8275,0.865,0.8759
BPIC20_PermitLog,Activity-Activitiy Co Occurrence N-Gram PMI w_9,0.9016,0.8447,0.8719,0.8515
BPIC20_PermitLog,Activity-Activitiy Co Occurrence N-Gram PPMI w_3,0.8781,0.7856,0.8345,0.9264
BPIC20_PermitLog,Activity-Activitiy Co Occurrence N-Gram PPMI w_5,0.8432,0.8105,0.8513,0.8692
BPIC20_PermitLog,Activity-Activitiy Co Occurrence N-Gram PPMI w_9,0.8683,0.8335,0.8521,0.8473
BPIC20_PermitLog,Activity-Activitiy Co Occurrence N-Gram w_3,0.7851,0.6763,0.7412,0.8963
BPIC20_PermitLog,Activity-Activitiy Co Occurrence N-Gram w_5,0.7849,0.7385,0.7668,0.8594
BPIC20_PermitLog,Activity-Activitiy Co Occurrence N-Gram w_9,0.7465,0.8294,0.8385,0.8516
BPIC20_PermitLog,Activity-Context Bag Of Words PMI w_3,0.649,0.8634,0.901,0.912
BPIC20_PermitLog,Activity-Context Bag Of Words PMI w_5,0.4047,0.8558,0.8876,0.8552
BPIC20_PermitLog,Activity-Context Bag Of Words PMI w_9,0.2685,0.8654,0.8914,0.8481
BPIC20_PermitLog,Activity-Context Bag Of Words PPMI w_3,0.5661,0.8609,0.8932,0.9093
BPIC20_PermitLog,Activity-Context Bag Of Words PPMI w_5,0.3822,0.8555,0.8875,0.8539
BPIC20_PermitLog,Activity-Context Bag Of Words PPMI w_9,0.2668,0.8654,0.8914,0.8481
BPIC20_PermitLog,Activity-Context Bag Of Words w_3,0.8719,0.8479,0.8716,0.9083
BPIC20_PermitLog,Activity-Context Bag Of Words w_5,0.7839,0.8207,0.8399,0.8519
BPIC20_PermitLog,Activity-Context Bag Of Words w_9,0.6868,0.8501,0.8653,0.8474
BPIC20_PermitLog,Activity-Context N-Grams PMI w_3,0.6222,0.8745,0.9131,0.9112
BPIC20_PermitLog,Activity-Context N-Grams PMI w_5,0.3629,0.8539,0.8882,0.8548
BPIC20_PermitLog,Activity-Context N-Grams PMI w_9,0.2424,0.8625,0.8923,0.8432
BPIC20_PermitLog,Activity-Context N-Grams PPMI w_3,0.5605,0.8739,0.9097,0.9096
BPIC20_PermitLog,Activity-Context N-Grams PPMI w_5,0.3494,0.8538,0.888,0.854
BPIC20_PermitLog,Activity-Context N-Grams PPMI w_9,0.2405,0.8625,0.8923,0.8432
BPIC20_PermitLog,Activity-Context N-Grams w_3,0.8722,0.8622,0.8864,0.9088
BPIC20_PermitLog,Activity-Context N-Grams w_5,0.7834,0.8397,0.8546,0.853
BPIC20_PermitLog,Activity-Context N-Grams w_9,0.6669,0.8525,0.8661,0.8428
BPIC20_PermitLog,Bose 2009 Substitution Scores w_3,0.7415,0.79,0.7393,0.9086
BPIC20_PermitLog,Bose 2009 Substitution Scores w_5,0.7711,0.7568,0.7133,0.8568
BPIC20_PermitLog,Bose 2009 Substitution Scores w_9,0.7749,0.8084,0.7989,0.8509
BPIC20_PermitLog,Chiorrini 2022 Embedding Process Structure,0.8188,0.2502,0.2878,0.6867
BPIC20_PermitLog,De Koninck 2018 act2vec CBOW w_3,0.9358,0.8498,0.8912,0.938
BPIC20_PermitLog,De Koninck 2018 act2vec CBOW w_5,0.9305,0.8365,0.8845,0.9366
BPIC20_PermitLog,De Koninck 2018 act2vec CBOW w_9,0.926,0.829,0.8725,0.9362
BPIC20_PermitLog,De Koninck 2018 act2vec skip-gram w_3,0.8546,0.7339,0.788,0.911
BPIC20_PermitLog,De Koninck 2018 act2vec skip-gram w_5,0.8368,0.6852,0.7466,0.903
BPIC20_PermitLog,De Koninck 2018 act2vec skip-gram w_9,0.8247,0.6342,0.7009,0.8944
BPIC20_PermitLog,Gamallo Fernandez 2023 Context Based w_3,0.3976,0.0126,0.0106,0.4276
BPIC20_PermitLog,Unit Distance,0.0425,0.017,0.0198,0.0
BPIC20_PrepaidTravelCost,Activity-Activitiy Co Occurrence Bag Of Words PMI w_3,0.9253,0.9025,0.9347,0.9811
BPIC20_PrepaidTravelCost,Activity-Activitiy Co Occurrence Bag Of Words PMI w_5,0.9188,0.8444,0.8715,0.9536
BPIC20_PrepaidTravelCost,Activity-Activitiy Co Occurrence Bag Of Words PMI w_9,0.891,0.8292,0.8583,0.885
BPIC20_PrepaidTravelCost,Activity-Activitiy Co Occurrence Bag Of Words PPMI w_3,0.9042,0.8861,0.9235,0.9794
BPIC20_PrepaidTravelCost,Activity-Activitiy Co Occurrence Bag Of Words PPMI w_5,0.8841,0.8403,0.8601,0.9515
BPIC20_PrepaidTravelCost,Activity-Activitiy Co Occurrence Bag Of Words PPMI w_9,0.8355,0.8353,0.8642,0.8775
BPIC20_PrepaidTravelCost,Activity-Activitiy Co Occurrence Bag Of Words w_3,0.8168,0.7744,0.8321,0.951
BPIC20_PrepaidTravelCost,Activity-Activitiy Co Occurrence Bag Of Words w_5,0.7924,0.7804,0.8118,0.9392
BPIC20_PrepaidTravelCost,Activity-Activitiy Co Occurrence Bag Of Words w_9,0.7132,0.8116,0.8297,0.8814
BPIC20_PrepaidTravelCost,Activity-Activitiy Co Occurrence N-Gram PMI w_3,0.928,0.9001,0.9256,0.9783
BPIC20_PrepaidTravelCost,Activity-Activitiy Co Occurrence N-Gram PMI w_5,0.9275,0.8586,0.8754,0.9479
BPIC20_PrepaidTravelCost,Activity-Activitiy Co Occurrence N-Gram PMI w_9,0.8941,0.8453,0.8674,0.8718
BPIC20_PrepaidTravelCost,Activity-Activitiy Co Occurrence N-Gram PPMI w_3,0.9153,0.8941,0.9237,0.9775
BPIC20_PrepaidTravelCost,Activity-Activitiy Co Occurrence N-Gram PPMI w_5,0.8888,0.8598,0.8746,0.9474
BPIC20_PrepaidTravelCost,Activity-Activitiy Co Occurrence N-Gram PPMI w_9,0.8362,0.8496,0.8709,0.8715
BPIC20_PrepaidTravelCost,Activity-Activitiy Co Occurrence N-Gram w_3,0.825,0.8249,0.8646,0.9582
BPIC20_PrepaidTravelCost,Activity-Activitiy Co Occurrence N-Gram w_5,0.7863,0.7884,0.8154,0.9365
BPIC20_PrepaidTravelCost,Activity-Activitiy Co Occurrence N-Gram w_9,0.7112,0.8381,0.8566,0.8713
BPIC20_PrepaidTravelCost,Activity-Context Bag Of Words PMI w_3,0.6608,0.8833,0.9059,0.9529
BPIC20_PrepaidTravelCost,Activity-Context Bag Of Words PMI w_5,0.4818,0.8547,0.8818,0.902
BPIC20_PrepaidTravelCost,Activity-Context Bag Of Words PMI w_9,0.3163,0.8427,0.8876,0.8509
BPIC20_PrepaidTravelCost,Activity-Context Bag Of Words PPMI w_3,0.6004,0.8813,0.9047,0.9534
BPIC20_PrepaidTravelCost,Activity-Context Bag Of Words PPMI w_5,0.4515,0.8564,0.8842,0.8999
BPIC20_PrepaidTravelCost,Activity-Context Bag Of Words PPMI w_9,0.3115,0.8445,0.8895,0.8525
BPIC20_PrepaidTravelCost,Activity-Context Bag Of Words w_3,0.8153,0.8631,0.8749,0.9537
BPIC20_PrepaidTravelCost,Activity-Context Bag Of Words w_5,0.7353,0.8137,0.8321,0.901
BPIC20_PrepaidTravelCost,Activity-Context Bag Of Words w_9,0.6086,0.8445,0.8804,0.8525
BPIC20_PrepaidTravelCost,Activity-Context N-Grams PMI w_3,0.6289,0.8929,0.9169,0.9556
BPIC20_PrepaidTravelCost,Activity-Context N-Grams PMI w_5,0.4458,0.8565,0.8826,0.9018
BPIC20_PrepaidTravelCost,Activity-Context N-Grams PMI w_9,0.2941,0.8409,0.8868,0.847
BPIC20_PrepaidTravelCost,Activity-Context N-Grams PPMI w_3,0.594,0.8937,0.9165,0.9551
BPIC20_PrepaidTravelCost,Activity-Context N-Grams PPMI w_5,0.4331,0.857,0.8836,0.9
BPIC20_PrepaidTravelCost,Activity-Context N-Grams PPMI w_9,0.2912,0.8424,0.8886,0.8485
BPIC20_PrepaidTravelCost,Activity-Context N-Grams w_3,0.8153,0.869,0.8809,0.9546
BPIC20_PrepaidTravelCost,Activity-Context N-Grams w_5,0.7348,0.8184,0.8376,0.9013
BPIC20_PrepaidTravelCost,Activity-Context N-Grams w_9,0.6025,0.8435,0.8846,0.8485
BPIC20_PrepaidTravelCost,Bose 2009 Substitution Scores w_3,0.7985,0.8138,0.7825,0.9605
BPIC20_PrepaidTravelCost,Bose 2009 Substitution Scores w_5,0.7568,0.7728,0.7527,0.9161
BPIC20_PrepaidTravelCost,Bose 2009 Substitution Scores w_9,0.7416,0.8431,0.8708,0.8854
BPIC20_PrepaidTravelCost,Chiorrini 2022 Embedding Process Structure,0.9232,0.3646,0.4284,0.7418
BPIC20_PrepaidTravelCost,De Koninck 2018 act2vec CBOW w_3,0.9336,0.9103,0.9434,0.9851
BPIC20_PrepaidTravelCost,De Koninck 2018 act2vec CBOW w_5,0.9325,0.9075,0.9367,0.9846
BPIC20_PrepaidTravelCost,De Koninck 2018 act2vec CBOW w_9,0.9347,0.9049,0.9359,0.987
BPIC20_PrepaidTravelCost,De Koninck 2018 act2vec skip-gram w_3,0.8858,0.8798,0.9118,0.9788
BPIC20_PrepaidTravelCost,De Koninck 2018 act2vec skip-gram w_5,0.8804,0.8755,0.9077,0.9783
BPIC20_PrepaidTravelCost,De Koninck 2018 act2vec skip-gram w_9,0.8767,0.8602,0.8959,0.9784
BPIC20_PrepaidTravelCost,Gamallo Fernandez 2023 Context Based w_3,0.3207,0.0154,0.0127,0.4181
BPIC20_PrepaidTravelCost,Unit Distance,0.0,0.0567,0.0706,0.0
BPIC20_RequestForPayment,Activity-Activitiy Co Occurrence Bag Of Words PMI w_3,0.9699,0.8881,0.901,0.8295
BPIC20_RequestForPayment,Activity-Activitiy Co Occurrence Bag Of Words PMI w_5,0.9722,0.86,0.8772,0.8266
BPIC20_RequestForPayment,Activity-Activitiy Co Occurrence Bag Of Words PMI w_9,0.9499,0.8355,0.8645,0.824
BPIC20_RequestForPayment,Activity-Activitiy Co Occurrence Bag Of Words PPMI w_3,0.9636,0.8897,0.9004,0.8292
BPIC20_RequestForPayment,Activity-Activitiy Co Occurrence Bag Of Words PPMI w_5,0.9587,0.8596,0.884,0.8268
BPIC20_RequestForPayment,Activity-Activitiy Co Occurrence Bag Of Words PPMI w_9,0.951,0.8524,0.8758,0.8253
BPIC20_RequestForPayment,Activity-Activitiy Co Occurrence Bag Of Words w_3,0.9461,0.8535,0.8754,0.8213
BPIC20_RequestForPayment,Activity-Activitiy Co Occurrence Bag Of Words w_5,0.8944,0.8056,0.8436,0.8152
BPIC20_RequestForPayment,Activity-Activitiy Co Occurrence Bag Of Words w_9,0.9154,0.8718,0.8681,0.8257
BPIC20_RequestForPayment,Activity-Activitiy Co Occurrence N-Gram PMI w_3,0.9719,0.8745,0.889,0.8284
BPIC20_RequestForPayment,Activity-Activitiy Co Occurrence N-Gram PMI w_5,0.9692,0.8785,0.8939,0.8287
BPIC20_RequestForPayment,Activity-Activitiy Co Occurrence N-Gram PMI w_9,0.9733,0.8684,0.8856,0.8264
BPIC20_RequestForPayment,Activity-Activitiy Co Occurrence N-Gram PPMI w_3,0.9648,0.8717,0.885,0.8283
BPIC20_RequestForPayment,Activity-Activitiy Co Occurrence N-Gram PPMI w_5,0.9608,0.8904,0.8966,0.8293
BPIC20_RequestForPayment,Activity-Activitiy Co Occurrence N-Gram PPMI w_9,0.9673,0.8896,0.893,0.8275
BPIC20_RequestForPayment,Activity-Activitiy Co Occurrence N-Gram w_3,0.9514,0.8789,0.8848,0.8285
BPIC20_RequestForPayment,Activity-Activitiy Co Occurrence N-Gram w_5,0.9332,0.8785,0.8833,0.8285
BPIC20_RequestForPayment,Activity-Activitiy Co Occurrence N-Gram w_9,0.9202,0.8799,0.8728,0.8265
BPIC20_RequestForPayment,Activity-Context Bag Of Words PMI w_3,0.8735,0.9002,0.904,0.8296
BPIC20_RequestForPayment,Activity-Context Bag Of Words PMI w_5,0.7108,0.8788,0.897,0.8262
BPIC20_RequestForPayment,Activity-Context Bag Of Words PMI w_9,0.5104,0.885,0.893,0.8224
BPIC20_RequestForPayment,Activity-Context Bag Of Words PPMI w_3,0.7908,0.9003,0.904,0.8296
BPIC20_RequestForPayment,Activity-Context Bag Of Words PPMI w_5,0.6728,0.8787,0.897,0.8262
BPIC20_RequestForPayment,Activity-Context Bag Of Words PPMI w_9,0.4963,0.8852,0.893,0.8224
BPIC20_RequestForPayment,Activity-Context Bag Of Words w_3,0.9353,0.874,0.8737,0.8279
BPIC20_RequestForPayment,Activity-Context Bag Of Words w_5,0.8857,0.8617,0.8727,0.8251
BPIC20_RequestForPayment,Activity-Context Bag Of Words w_9,0.8394,0.8776,0.8893,0.8218
BPIC20_RequestForPayment,Activity-Context N-Grams PMI w_3,0.8139,0.8931,0.9001,0.8292
BPIC20_RequestForPayment,Activity-Context N-Grams PMI w_5,0.6488,0.874,0.8929,0.8258
BPIC20_RequestForPayment,Activity-Context N-Grams PMI w_9,0.487,0.8885,0.8986,0.8227
BPIC20_RequestForPayment,Activity-Context N-Grams PPMI w_3,0.7835,0.8931,0.9001,0.8292
BPIC20_RequestForPayment,Activity-Context N-Grams PPMI w_5,0.641,0.874,0.8929,0.8258
BPIC20_RequestForPayment,Activity-Context N-Grams PPMI w_9,0.4875,0.8885,0.8986,0.8227
BPIC20_RequestForPayment,Activity-Context N-Grams w_3,0.9353,0.8757,0.8741,0.8281
BPIC20_RequestForPayment,Activity-Context N-Grams w_5,0.8857,0.8617,0.8734,0.8251
BPIC20_RequestForPayment,Activity-Context N-Grams w_9,0.8409,0.879,0.8903,0.822
BPIC20_RequestForPayment,Bose 2009 Substitution Scores w_3,0.8371,0.7753,0.6909,0.8221
BPIC20_RequestForPayment,Bose 2009 Substitution Scores w_5,0.827,0.7726,0.6954,0.8196
BPIC20_RequestForPayment,Bose 2009 Substitution Scores w_9,0.8137,0.7922,0.7382,0.8155
BPIC20_RequestForPayment,Chiorrini 2022 Embedding Process Structure,0.8739,0.4992,0.5472,0.6895
BPIC20_RequestForPayment,De Koninck 2018 act2vec CBOW w_3,0.8733,0.7403,0.7327,0.8048
BPIC20_RequestForPayment,De Koninck 2018 act2vec CBOW w_5,0.8693,0.7353,0.733,0.8056
BPIC20_RequestForPayment,De Koninck 2018 act2vec CBOW w_9,0.8652,0.7358,0.7298,0.8053
BPIC20_RequestForPayment,De Koninck 2018 act2vec skip-gram w_3,0.8043,0.6772,0.682,0.781
BPIC20_RequestForPayment,De Koninck 2018 act2vec skip-gram w_5,0.7965,0.6637,0.6703,0.7776
BPIC20_RequestForPayment,De Koninck 2018 act2vec skip-gram w_9,0.7921,0.6616,0.6745,0.7773
BPIC20_RequestForPayment,Gamallo Fernandez 2023 Context Based w_3,0.4254,0.0335,0.0239,0.3695
BPIC20_RequestForPayment,Unit Distance,0.1486,0.0586,0.0549,0.0
CCC19,Activity-Activitiy Co Occurrence Bag Of Words PMI w_3,0.3544,0.0699,0.0119,0.8462
CCC19,Activity-Activitiy Co Occurrence Bag Of Words PMI w_5,0.1466,0.1017,0.0458,0.3192
CCC19,Activity-Activitiy Co Occurrence Bag Of Words PMI w_9,0.1974,0.0562,0.0535,0.0253
CCC19,Activity-Activitiy Co Occurrence Bag Of Words PPMI w_3,0.3313,0.0697,0.0119,0.8457
CCC19,Activity-Activitiy Co Occurrence Bag Of Words PPMI w_5,0.0597,0.1017,0.0458,0.315
CCC19,Activity-Activitiy Co Occurrence Bag Of Words PPMI w_9,0.0003,0.0562,0.0535,0.0205
CCC19,Activity-Activitiy Co Occurrence Bag Of Words w_3,0.1963,0.1223,0.0025,0.8643
CCC19,Activity-Activitiy Co Occurrence Bag Of Words w_5,0.0177,0.1058,0.047,0.3141
CCC19,Activity-Activitiy Co Occurrence Bag Of Words w_9,0.0001,0.057,0.0535,0.0217
CCC19,Activity-Activitiy Co Occurrence N-Gram PMI w_3,0.354,0.0699,0.0124,0.8472
CCC19,Activity-Activitiy Co Occurrence N-Gram PMI w_5,0.101,0.0645,0.0784,0.0118
CCC19,Activity-Activitiy Co Occurrence N-Gram PMI w_9,0.0,0.0531,0.064,0.0
CCC19,Activity-Activitiy Co Occurrence N-Gram PPMI w_3,0.3303,0.0698,0.0124,0.8467
CCC19,Activity-Activitiy Co Occurrence N-Gram PPMI w_5,0.0087,0.0645,0.0784,0.0118
CCC19,Activity-Activitiy Co Occurrence N-Gram PPMI w_9,0.0,0.0531,0.064,0.0
CCC19,Activity-Activitiy Co Occurrence N-Gram w_3,0.193,0.1237,0.0045,0.867
CCC19,Activity-Activitiy Co Occurrence N-Gram w_5,0.0027,0.0645,0.0784,0.0118
CCC19,Activity-Activitiy Co Occurrence N-Gram w_9,0.0,0.0531,0.064,0.0
CCC19,Activity-Context Bag Of Words PMI w_3,0.0124,0.009,0.0011,0.0087
CCC19,Activity-Context Bag Of Words PMI w_5,0.003,0.0418,0.0458,0.0095
CCC19,Activity-Context Bag Of Words PMI w_9,0.0,0.0475,0.0535,0.0
CCC19,Activity-Context Bag Of Words PPMI w_3,0.0011,0.009,0.0011,0.0087
CCC19,Activity-Context Bag Of Words PPMI w_5,0.0007,0.0418,0.0458,0.0095
CCC19,Activity-Context Bag Of Words PPMI w_9,0.0,0.0475,0.0535,0.0
CCC19,Activity-Context Bag Of Words w_3,0.001,0.0112,0.0021,0.009
CCC19,Activity-Context Bag Of Words w_5,0.0015,0.0424,0.0481,0.0096
CCC19,Activity-Context Bag Of Words w_9,0.0,0.0475,0.0535,0.0
CCC19,Activity-Context N-Grams PMI w_3,0.001,0.0092,0.0004,0.0087
CCC19,Activity-Context N-Grams PMI w_5,0.0007,0.0623,0.0784,0.0096
CCC19,Activity-Context N-Grams PMI w_9,0.0,0.0531,0.064,0.0
CCC19,Activity-Context N-Grams PPMI w_3,0.001,0.0092,0.0004,0.0087
CCC19,Activity-Context N-Grams PPMI w_5,0.0007,0.0623,0.0784,0.0096
CCC19,Activity-Context N-Grams PPMI w_9,0.0,0.0531,0.064,0.0
CCC19,Activity-Context N-Grams w_3,0.001,0.0117,0.0018,0.009
CCC19,Activity-Context N-Grams w_5,0.0015,0.0623,0.0784,0.0096
CCC19,Activity-Context N-Grams w_9,0.0,0.0531,0.064,0.0
CCC19,Bose 2009 Substitution Scores w_3,0.2008,0.0049,0.0031,0.2173
CCC19,Bose 2009 Substitution Scores w_5,0.2789,0.0688,0.0913,0.2365
CCC19,Bose 2009 Substitution Scores w_9,0.4139,0.0657,0.0687,0.2176
CCC19,Chiorrini 2022 Embedding Process Structure,0.8684,0.372,0.4054,0.7569
CCC19,De Koninck 2018 act2vec CBOW w_3,0.722,0.1204,0.1017,0.767
CCC19,De Koninck 2018 act2vec CBOW w_5,0.6831,0.075,0.0657,0.6864
CCC19,De Koninck 2018 act2vec CBOW w_9,0.5872,0.029,0.0235,0.5482
CCC19,De Koninck 2018 act2vec skip-gram w_3,0.55,0.0181,0.0155,0.641
CCC19,De Koninck 2018 act2vec skip-gram w_5,0.4931,0.0105,0.013,0.5697
CCC19,De Koninck 2018 act2vec skip-gram w_9,0.3875,0.0055,0.0043,0.4196
CCC19,Gamallo Fernandez 2023 Context Based w_3,0.2921,0.0533,0.046,0.5639
CCC19,Unit Distance,0.0,0.0531,0.064,0.0
Env Permit,Activity-Activitiy Co Occurrence Bag Of Words PMI w_3,0.7988,0.6327,0.7016,0.8166
Env Permit,Activity-Activitiy Co Occurrence Bag Of Words PMI w_5,0.7023,0.5355,0.5381,0.6449
Env Permit,Activity-Activitiy Co Occurrence Bag Of Words PMI w_9,0.6778,0.4991,0.5125,0.5338
Env Permit,Activity-Activitiy Co Occurrence Bag Of Words PPMI w_3,0.7755,0.6311,0.7007,0.8156
Env Permit,Activity-Activitiy Co Occurrence Bag Of Words PPMI w_5,0.5823,0.5203,0.532,0.638
Env Permit,Activity-Activitiy Co Occurrence Bag Of Words PPMI w_9,0.5281,0.5162,0.5252,0.5294
Env Permit,Activity-Activitiy Co Occurrence Bag Of Words w_3,0.6685,0.5618,0.6274,0.7806
Env Permit,Activity-Activitiy Co Occurrence Bag Of Words w_5,0.4991,0.5099,0.5252,0.6304
Env Permit,Activity-Activitiy Co Occurrence Bag Of Words w_9,0.4531,0.5158,0.5252,0.5291
Env Permit,Activity-Activitiy Co Occurrence N-Gram PMI w_3,0.8211,0.6454,0.6996,0.8099
Env Permit,Activity-Activitiy Co Occurrence N-Gram PMI w_5,0.7105,0.5388,0.5463,0.6117
Env Permit,Activity-Activitiy Co Occurrence N-Gram PMI w_9,0.7083,0.503,0.5105,0.5093
Env Permit,Activity-Activitiy Co Occurrence N-Gram PPMI w_3,0.7722,0.6406,0.6954,0.8084
Env Permit,Activity-Activitiy Co Occurrence N-Gram PPMI w_5,0.5841,0.5403,0.5443,0.6082
Env Permit,Activity-Activitiy Co Occurrence N-Gram PPMI w_9,0.513,0.5029,0.5105,0.5079
Env Permit,Activity-Activitiy Co Occurrence N-Gram w_3,0.6682,0.5879,0.6537,0.7869
Env Permit,Activity-Activitiy Co Occurrence N-Gram w_5,0.4849,0.5303,0.5349,0.6044
Env Permit,Activity-Activitiy Co Occurrence N-Gram w_9,0.4385,0.4987,0.5071,0.5079
Env Permit,Activity-Context Bag Of Words PMI w_3,0.6571,0.6593,0.7349,0.7532
Env Permit,Activity-Context Bag Of Words PMI w_5,0.2957,0.5365,0.5636,0.5421
Env Permit,Activity-Context Bag Of Words PMI w_9,0.1813,0.5081,0.531,0.49
Env Permit,Activity-Context Bag Of Words PPMI w_3,0.5183,0.6702,0.7404,0.7527
Env Permit,Activity-Context Bag Of Words PPMI w_5,0.2434,0.5366,0.5636,0.541
Env Permit,Activity-Context Bag Of Words PPMI w_9,0.179,0.5088,0.531,0.4908
Env Permit,Activity-Context Bag Of Words w_3,0.692,0.665,0.7204,0.7526
Env Permit,Activity-Context Bag Of Words w_5,0.4355,0.5373,0.5474,0.5404
Env Permit,Activity-Context Bag Of Words w_9,0.3797,0.5036,0.5281,0.4906
Env Permit,Activity-Context N-Grams PMI w_3,0.5586,0.6872,0.7467,0.7543
Env Permit,Activity-Context N-Grams PMI w_5,0.2563,0.5401,0.5643,0.5386
Env Permit,Activity-Context N-Grams PMI w_9,0.1666,0.4997,0.5123,0.4735
Env Permit,Activity-Context N-Grams PPMI w_3,0.5017,0.6877,0.7467,0.753
Env Permit,Activity-Context N-Grams PPMI w_5,0.2403,0.5401,0.5643,0.538
Env Permit,Activity-Context N-Grams PPMI w_9,0.1667,0.4997,0.5123,0.4735
Env Permit,Activity-Context N-Grams w_3,0.6906,0.6706,0.7235,0.7516
Env Permit,Activity-Context N-Grams w_5,0.4353,0.5411,0.563,0.5378
Env Permit,Activity-Context N-Grams w_9,0.3711,0.4968,0.5117,0.4732
Env Permit,Bose 2009 Substitution Scores w_3,0.7182,0.6441,0.6733,0.7902
Env Permit,Bose 2009 Substitution Scores w_5,0.6228,0.5421,0.5488,0.6536
Env Permit,Bose 2009 Substitution Scores w_9,0.6643,0.4701,0.4852,0.535
Env Permit,Chiorrini 2022 Embedding Process Structure,0.8775,0.4077,0.4923,0.7591
Env Permit,De Koninck 2018 act2vec CBOW w_3,0.839,0.5586,0.607,0.8597
Env Permit,De Koninck 2018 act2vec CBOW w_5,0.8306,0.5291,0.5675,0.8478
Env Permit,De Koninck 2018 act2vec CBOW w_9,0.8184,0.4993,0.5175,0.8396
Env Permit,De Koninck 2018 act2vec skip-gram w_3,0.7812,0.5165,0.5518,0.8426
Env Permit,De Koninck 2018 act2vec skip-gram w_5,0.7664,0.4877,0.514,0.8313
Env Permit,De Koninck 2018 act2vec skip-gram w_9,0.7579,0.4655,0.4995,0.8279
Env Permit,Gamallo Fernandez 2023 Context Based w_3,0.3315,0.0202,0.0173,0.3765
Env Permit,Unit Distance,0.0393,0.0535,0.072,0.0
Helpdesk,Activity-Activitiy Co Occurrence Bag Of Words PMI w_3,0.7284,0.5356,0.601,0.661
Helpdesk,Activity-Activitiy Co Occurrence Bag Of Words PMI w_5,0.7412,0.518,0.5719,0.6449
Helpdesk,Activity-Activitiy Co Occurrence Bag Of Words PMI w_9,0.6468,0.4516,0.5066,0.56
Helpdesk,Activity-Activitiy Co Occurrence Bag Of Words PPMI w_3,0.7111,0.5371,0.6007,0.6593
Helpdesk,Activity-Activitiy Co Occurrence Bag Of Words PPMI w_5,0.6886,0.5135,0.5649,0.6428
Helpdesk,Activity-Activitiy Co Occurrence Bag Of Words PPMI w_9,0.6263,0.4397,0.4996,0.5537
Helpdesk,Activity-Activitiy Co Occurrence Bag Of Words w_3,0.7068,0.5857,0.6523,0.6703
Helpdesk,Activity-Activitiy Co Occurrence Bag Of Words w_5,0.7009,0.5929,0.6252,0.6725
Helpdesk,Activity-Activitiy Co Occurrence Bag Of Words w_9,0.6395,0.5346,0.5555,0.6013
Helpdesk,Activity-Activitiy Co Occurrence N-Gram PMI w_3,0.7834,0.5593,0.6208,0.6696
Helpdesk,Activity-Activitiy Co Occurrence N-Gram PMI w_5,0.752,0.5225,0.5598,0.6172
Helpdesk,Activity-Activitiy Co Occurrence N-Gram PMI w_9,0.7493,0.5411,0.5752,0.5995
Helpdesk,Activity-Activitiy Co Occurrence N-Gram PPMI w_3,0.7164,0.5661,0.6134,0.6667
Helpdesk,Activity-Activitiy Co Occurrence N-Gram PPMI w_5,0.6581,0.548,0.5684,0.6155
Helpdesk,Activity-Activitiy Co Occurrence N-Gram PPMI w_9,0.6359,0.5426,0.5764,0.5938
Helpdesk,Activity-Activitiy Co Occurrence N-Gram w_3,0.7216,0.6435,0.6915,0.6905
Helpdesk,Activity-Activitiy Co Occurrence N-Gram w_5,0.6676,0.5836,0.5934,0.6356
Helpdesk,Activity-Activitiy Co Occurrence N-Gram w_9,0.6463,0.5639,0.5649,0.6132
Helpdesk,Activity-Context Bag Of Words PMI w_3,0.5276,0.4694,0.4927,0.5999
Helpdesk,Activity-Context Bag Of Words PMI w_5,0.354,0.4818,0.5042,0.5728
Helpdesk,Activity-Context Bag Of Words PMI w_9,0.2361,0.514,0.5291,0.5536
Helpdesk,Activity-Context Bag Of Words PPMI w_3,0.3155,0.4694,0.4341,0.6052
Helpdesk,Activity-Context Bag Of Words PPMI w_5,0.263,0.4806,0.4887,0.5857
Helpdesk,Activity-Context Bag Of Words PPMI w_9,0.1691,0.5225,0.5391,0.5472
Helpdesk,Activity-Context Bag Of Words w_3,0.5913,0.5825,0.6118,0.629
Helpdesk,Activity-Context Bag Of Words w_5,0.5203,0.5216,0.5028,0.5922
Helpdesk,Activity-Context Bag Of Words w_9,0.4551,0.508,0.5079,0.5437
Helpdesk,Activity-Context N-Grams PMI w_3,0.4367,0.4714,0.4812,0.5955
Helpdesk,Activity-Context N-Grams PMI w_5,0.2913,0.4868,0.4925,0.5396
Helpdesk,Activity-Context N-Grams PMI w_9,0.1842,0.5352,0.5385,0.5545
Helpdesk,Activity-Context N-Grams PPMI w_3,0.3023,0.4901,0.4902,0.6092
Helpdesk,Activity-Context N-Grams PPMI w_5,0.2098,0.5001,0.4948,0.5558
Helpdesk,Activity-Context N-Grams PPMI w_9,0.1554,0.535,0.5405,0.5528
Helpdesk,Activity-Context N-Grams w_3,0.5926,0.5839,0.6122,0.6292
Helpdesk,Activity-Context N-Grams w_5,0.4864,0.5511,0.5458,0.5605
Helpdesk,Activity-Context N-Grams w_9,0.4634,0.5432,0.5325,0.5524
Helpdesk,Bose 2009 Substitution Scores w_3,0.7254,0.5017,0.4937,0.642
Helpdesk,Bose 2009 Substitution Scores w_5,0.7753,0.437,0.4186,0.548
Helpdesk,Bose 2009 Substitution Scores w_9,0.818,0.3966,0.37,0.5303
Helpdesk,Chiorrini 2022 Embedding Process Structure,0.8784,0.4327,0.5345,0.7537
Helpdesk,De Koninck 2018 act2vec CBOW w_3,0.7216,0.3655,0.3801,0.7225
Helpdesk,De Koninck 2018 act2vec CBOW w_5,0.7216,0.3576,0.3495,0.7152
Helpdesk,De Koninck 2018 act2vec CBOW w_9,0.7177,0.3357,0.3338,0.7063
Helpdesk,De Koninck 2018 act2vec skip-gram w_3,0.6975,0.3627,0.3724,0.738
Helpdesk,De Koninck 2018 act2vec skip-gram w_5,0.6915,0.3537,0.3503,0.7354
Helpdesk,De Koninck 2018 act2vec skip-gram w_9,0.6833,0.3348,0.3327,0.7322
Helpdesk,Gamallo Fernandez 2023 Context Based w_3,0.3254,0.0587,0.0462,0.4084
Helpdesk,Unit Distance,0.0701,0.075,0.063,0.0
Hospital Billing,Activity-Activitiy Co Occurrence Bag Of Words PMI w_3,0.9603,0.9299,0.9558,0.9285
Hospital Billing,Activity-Activitiy Co Occurrence Bag Of Words PMI w_5,0.945,0.9017,0.9362,0.9172
Hospital Billing,Activity-Activitiy Co Occurrence Bag Of Words PMI w_9,0.9453,0.8951,0.9326,0.9202
Hospital Billing,Activity-Activitiy Co Occurrence Bag Of Words PPMI w_3,0.9655,0.929,0.9536,0.9279
Hospital Billing,Activity-Activitiy Co Occurrence Bag Of Words PPMI w_5,0.9378,0.8926,0.9297,0.9148
Hospital Billing,Activity-Activitiy Co Occurrence Bag Of Words PPMI w_9,0.9364,0.8898,0.9252,0.9161
Hospital Billing,Activity-Activitiy Co Occurrence Bag Of Words w_3,0.9554,0.8988,0.9219,0.9254
Hospital Billing,Activity-Activitiy Co Occurrence Bag Of Words w_5,0.9374,0.8428,0.8776,0.9095
Hospital Billing,Activity-Activitiy Co Occurrence Bag Of Words w_9,0.9112,0.8139,0.8352,0.9021
Hospital Billing,Activity-Activitiy Co Occurrence N-Gram PMI w_3,0.9518,0.9169,0.9462,0.9276
Hospital Billing,Activity-Activitiy Co Occurrence N-Gram PMI w_5,0.9322,0.8891,0.9284,0.9234
Hospital Billing,Activity-Activitiy Co Occurrence N-Gram PMI w_9,0.9291,0.902,0.9322,0.9066
Hospital Billing,Activity-Activitiy Co Occurrence N-Gram PPMI w_3,0.9582,0.9193,0.9469,0.9264
Hospital Billing,Activity-Activitiy Co Occurrence N-Gram PPMI w_5,0.9375,0.8994,0.9325,0.9225
Hospital Billing,Activity-Activitiy Co Occurrence N-Gram PPMI w_9,0.9373,0.9112,0.9361,0.9057
Hospital Billing,Activity-Activitiy Co Occurrence N-Gram w_3,0.9334,0.8716,0.8871,0.9095
Hospital Billing,Activity-Activitiy Co Occurrence N-Gram w_5,0.9218,0.8342,0.8552,0.9104
Hospital Billing,Activity-Activitiy Co Occurrence N-Gram w_9,0.9069,0.8362,0.868,0.8931
Hospital Billing,Activity-Context Bag Of Words PMI w_3,0.6506,0.804,0.809,0.8856
Hospital Billing,Activity-Context Bag Of Words PMI w_5,0.4785,0.8062,0.7912,0.8815
Hospital Billing,Activity-Context Bag Of Words PMI w_9,0.2865,0.8144,0.8131,0.8728
Hospital Billing,Activity-Context Bag Of Words PPMI w_3,0.5134,0.7664,0.7729,0.8777
Hospital Billing,Activity-Context Bag Of Words PPMI w_5,0.3469,0.7778,0.7617,0.8745
Hospital Billing,Activity-Context Bag Of Words PPMI w_9,0.2609,0.8137,0.8113,0.8694
Hospital Billing,Activity-Context Bag Of Words w_3,0.8602,0.8856,0.8783,0.9134
Hospital Billing,Activity-Context Bag Of Words w_5,0.8301,0.8713,0.8748,0.8876
Hospital Billing,Activity-Context Bag Of Words w_9,0.7793,0.8458,0.8435,0.8754
Hospital Billing,Activity-Context N-Grams PMI w_3,0.6353,0.8178,0.8136,0.903
Hospital Billing,Activity-Context N-Grams PMI w_5,0.4501,0.8458,0.8478,0.8863
Hospital Billing,Activity-Context N-Grams PMI w_9,0.2694,0.8572,0.8647,0.8789
Hospital Billing,Activity-Context N-Grams PPMI w_3,0.4955,0.7921,0.7988,0.8971
Hospital Billing,Activity-Context N-Grams PPMI w_5,0.328,0.8423,0.8452,0.8848
Hospital Billing,Activity-Context N-Grams PPMI w_9,0.2464,0.8569,0.8647,0.8776
Hospital Billing,Activity-Context N-Grams w_3,0.8625,0.9142,0.9309,0.9163
Hospital Billing,Activity-Context N-Grams w_5,0.833,0.8946,0.9177,0.8912
Hospital Billing,Activity-Context N-Grams w_9,0.7795,0.875,0.8969,0.879
Hospital Billing,Bose 2009 Substitution Scores w_3,0.7549,0.7867,0.7349,0.9038
Hospital Billing,Bose 2009 Substitution Scores w_5,0.7364,0.7742,0.7399,0.8808
Hospital Billing,Bose 2009 Substitution Scores w_9,0.7379,0.7912,0.7558,0.8748
Hospital Billing,Chiorrini 2022 Embedding Process Structure,0.909,0.4354,0.4365,0.7342
Hospital Billing,De Koninck 2018 act2vec CBOW w_3,0.7787,0.6626,0.707,0.8233
Hospital Billing,De Koninck 2018 act2vec CBOW w_5,0.7673,0.6651,0.7159,0.8178
Hospital Billing,De Koninck 2018 act2vec CBOW w_9,0.7658,0.6719,0.7244,0.8154
Hospital Billing,De Koninck 2018 act2vec skip-gram w_3,0.7445,0.7027,0.7312,0.8544
Hospital Billing,De Koninck 2018 act2vec skip-gram w_5,0.737,0.6685,0.6966,0.8451
Hospital Billing,De Koninck 2018 act2vec skip-gram w_9,0.7289,0.6659,0.6969,0.84
Hospital Billing,Unit Distance,0.0642,0.084,0.0883,0.0
RTFM,Activity-Activitiy Co Occurrence Bag Of Words PMI w_3,0.967,0.9469,0.9799,0.9921
RTFM,Activity-Activitiy Co Occurrence Bag Of Words PMI w_5,0.9325,0.9632,0.9788,0.9905
RTFM,Activity-Activitiy Co Occurrence Bag Of Words PMI w_9,0.9241,0.8906,0.9132,0.9343
RTFM,Activity-Activitiy Co Occurrence Bag Of Words PPMI w_3,0.9814,0.9665,0.9906,0.9938
RTFM,Activity-Activitiy Co Occurrence Bag Of Words PPMI w_5,0.9186,0.9134,0.9194,0.9478
RTFM,Activity-Activitiy Co Occurrence Bag Of Words PPMI w_9,0.9059,0.8989,0.9072,0.9136
RTFM,Activity-Activitiy Co Occurrence Bag Of Words w_3,0.9002,0.8299,0.8631,0.9673
RTFM,Activity-Activitiy Co Occurrence Bag Of Words w_5,0.8993,0.9678,0.9658,0.9959
RTFM,Activity-Activitiy Co Occurrence Bag Of Words w_9,0.8821,0.9315,0.9362,0.9377
RTFM,Activity-Activitiy Co Occurrence N-Gram PMI w_3,0.9731,0.9216,0.9552,0.9848
RTFM,Activity-Activitiy Co Occurrence N-Gram PMI w_5,0.935,0.9652,0.9739,0.9904
RTFM,Activity-Activitiy Co Occurrence N-Gram PMI w_9,0.9244,0.9045,0.9206,0.9305
RTFM,Activity-Activitiy Co Occurrence N-Gram PPMI w_3,0.9824,0.9513,0.9708,0.9906
RTFM,Activity-Activitiy Co Occurrence N-Gram PPMI w_5,0.9187,0.9129,0.9193,0.948
RTFM,Activity-Activitiy Co Occurrence N-Gram PPMI w_9,0.9059,0.9067,0.9084,0.9148
RTFM,Activity-Activitiy Co Occurrence N-Gram w_3,0.9102,0.8966,0.9179,0.9784
RTFM,Activity-Activitiy Co Occurrence N-Gram w_5,0.8946,0.9734,0.9688,0.9967
RTFM,Activity-Activitiy Co Occurrence N-Gram w_9,0.8621,0.9354,0.9401,0.941
RTFM,Activity-Context Bag Of Words PMI w_3,0.8108,0.9977,0.9978,0.9997
RTFM,Activity-Context Bag Of Words PMI w_5,0.5484,0.9526,0.9408,0.993
RTFM,Activity-Context Bag Of Words PMI w_9,0.4103,0.8495,0.8358,0.9252
RTFM,Activity-Context Bag Of Words PPMI w_3,0.7869,0.9975,0.9982,0.9998
RTFM,Activity-Context Bag Of Words PPMI w_5,0.5248,0.9409,0.9303,0.9902
RTFM,Activity-Context Bag Of Words PPMI w_9,0.3972,0.8461,0.8333,0.9217
RTFM,Activity-Context Bag Of Words w_3,0.896,0.9971,0.9973,0.9997
RTFM,Activity-Context Bag Of Words w_5,0.8424,0.9314,0.9198,0.9891
RTFM,Activity-Context Bag Of Words w_9,0.8086,0.9295,0.9335,0.9377
RTFM,Activity-Context N-Grams PMI w_3,0.7313,0.9974,0.9968,0.9997
RTFM,Activity-Context N-Grams PMI w_5,0.483,0.9537,0.943,0.9925
RTFM,Activity-Context N-Grams PMI w_9,0.3323,0.857,0.8513,0.9224
RTFM,Activity-Context N-Grams PPMI w_3,0.7058,0.9971,0.9979,0.9997
RTFM,Activity-Context N-Grams PPMI w_5,0.4615,0.9444,0.9333,0.9905
RTFM,Activity-Context N-Grams PPMI w_9,0.3254,0.8562,0.8512,0.9216
RTFM,Activity-Context N-Grams w_3,0.896,0.9971,0.9973,0.9997
RTFM,Activity-Context N-Grams w_5,0.8352,0.9321,0.9198,0.9896
RTFM,Activity-Context N-Grams w_9,0.7801,0.926,0.932,0.9359
RTFM,Bose 2009 Substitution Scores w_3,0.7612,0.8401,0.7604,0.9786
RTFM,Bose 2009 Substitution Scores w_5,0.7358,0.9207,0.9085,0.9759
RTFM,Bose 2009 Substitution Scores w_9,0.7419,0.8934,0.8783,0.953
RTFM,Chiorrini 2022 Embedding Process Structure,0.982,0.6088,0.6576,0.8487
RTFM,De Koninck 2018 act2vec CBOW w_3,0.8644,0.8246,0.8263,0.9136
RTFM,De Koninck 2018 act2vec CBOW w_5,0.8672,0.8298,0.829,0.9134
RTFM,De Koninck 2018 act2vec CBOW w_9,0.8677,0.8357,0.835,0.9147
RTFM,De Koninck 2018 act2vec skip-gram w_3,0.8474,0.8485,0.8446,0.9219
RTFM,De Koninck 2018 act2vec skip-gram w_5,0.8401,0.8453,0.844,0.9149
RTFM,De Koninck 2018 act2vec skip-gram w_9,0.8409,0.8425,0.841,0.9141
RTFM,Unit Distance,0.0,0.0934,0.0807,0.0
Sepsis,Activity-Activitiy Co Occurrence Bag Of Words PMI w_3,0.9445,0.6468,0.7638,0.908
Sepsis,Activity-Activitiy Co Occurrence Bag Of Words PMI w_5,0.9188,0.5698,0.6801,0.8923
Sepsis,Activity-Activitiy Co Occurrence Bag Of Words PMI w_9,0.8764,0.6737,0.716,0.9274
Sepsis,Activity-Activitiy Co Occurrence Bag Of Words PPMI w_3,0.9396,0.6393,0.7568,0.9056
Sepsis,Activity-Activitiy Co Occurrence Bag Of Words PPMI w_5,0.9089,0.5916,0.7008,0.8958
Sepsis,Activity-Activitiy Co Occurrence Bag Of Words PPMI w_9,0.8232,0.649,0.6921,0.9117
Sepsis,Activity-Activitiy Co Occurrence Bag Of Words w_3,0.9436,0.7436,0.8125,0.9496
Sepsis,Activity-Activitiy Co Occurrence Bag Of Words w_5,0.8959,0.7088,0.743,0.94
Sepsis,Activity-Activitiy Co Occurrence Bag Of Words w_9,0.7136,0.6145,0.6015,0.9131
Sepsis,Activity-Activitiy Co Occurrence N-Gram PMI w_3,0.9399,0.6625,0.7705,0.9141
Sepsis,Activity-Activitiy Co Occurrence N-Gram PMI w_5,0.899,0.6547,0.7395,0.9205
Sepsis,Activity-Activitiy Co Occurrence N-Gram PMI w_9,0.7799,0.6577,0.6852,0.8535
Sepsis,Activity-Activitiy Co Occurrence N-Gram PPMI w_3,0.9267,0.659,0.765,0.9129
Sepsis,Activity-Activitiy Co Occurrence N-Gram PPMI w_5,0.8625,0.6673,0.7474,0.9112
Sepsis,Activity-Activitiy Co Occurrence N-Gram PPMI w_9,0.6381,0.6547,0.6702,0.8145
Sepsis,Activity-Activitiy Co Occurrence N-Gram w_3,0.9374,0.776,0.8407,0.9551
Sepsis,Activity-Activitiy Co Occurrence N-Gram w_5,0.8399,0.7505,0.7633,0.9525
Sepsis,Activity-Activitiy Co Occurrence N-Gram w_9,0.4914,0.6346,0.6267,0.86
Sepsis,Activity-Context Bag Of Words PMI w_3,0.615,0.7906,0.8223,0.9444
Sepsis,Activity-Context Bag Of Words PMI w_5,0.3853,0.7661,0.7897,0.9188
Sepsis,Activity-Context Bag Of Words PMI w_9,0.2236,0.7466,0.7653,0.8719
Sepsis,Activity-Context Bag Of Words PPMI w_3,0.5536,0.7762,0.8129,0.9245
Sepsis,Activity-Context Bag Of Words PPMI w_5,0.3357,0.7622,0.7869,0.9069
Sepsis,Activity-Context Bag Of Words PPMI w_9,0.2071,0.7438,0.7634,0.8683
Sepsis,Activity-Context Bag Of Words w_3,0.717,0.6975,0.7243,0.8939
Sepsis,Activity-Context Bag Of Words w_5,0.5929,0.6169,0.6312,0.8666
Sepsis,Activity-Context Bag Of Words w_9,0.4588,0.6587,0.6638,0.8555
Sepsis,Activity-Context N-Grams PMI w_3,0.6016,0.8144,0.8474,0.9466
Sepsis,Activity-Context N-Grams PMI w_5,0.2969,0.7744,0.8031,0.9001
Sepsis,Activity-Context N-Grams PMI w_9,0.112,0.6934,0.7277,0.7639
Sepsis,Activity-Context N-Grams PPMI w_3,0.5431,0.814,0.8454,0.9315
Sepsis,Activity-Context N-Grams PPMI w_5,0.2675,0.7733,0.8023,0.8898
Sepsis,Activity-Context N-Grams PPMI w_9,0.1101,0.6933,0.7277,0.7629
Sepsis,Activity-Context N-Grams w_3,0.7214,0.7348,0.7591,0.91
Sepsis,Activity-Context N-Grams w_5,0.5086,0.6683,0.6678,0.8681
Sepsis,Activity-Context N-Grams w_9,0.2701,0.6703,0.691,0.7569
Sepsis,Bose 2009 Substitution Scores w_3,0.805,0.737,0.7449,0.9171
Sepsis,Bose 2009 Substitution Scores w_5,0.7899,0.656,0.6517,0.8701
Sepsis,Bose 2009 Substitution Scores w_9,0.7015,0.6498,0.6687,0.8148
Sepsis,Chiorrini 2022 Embedding Process Structure,0.9051,0.4414,0.4839,0.8249
Sepsis,De Koninck 2018 act2vec CBOW w_3,0.6789,0.5409,0.5734,0.7193
Sepsis,De Koninck 2018 act2vec CBOW w_5,0.6765,0.5367,0.5605,0.7211
Sepsis,De Koninck 2018 act2vec CBOW w_9,0.6793,0.5391,0.5579,0.7313
Sepsis,De Koninck 2018 act2vec skip-gram w_3,0.6769,0.5653,0.5971,0.8085
Sepsis,De Koninck 2018 act2vec skip-gram w_5,0.668,0.5552,0.5782,0.798
Sepsis,De Koninck 2018 act2vec skip-gram w_9,0.6694,0.5401,0.5681,0.8007
Sepsis,Gamallo Fernandez 2023 Context Based w_3,0.3232,0.0322,0.0236,0.4277
Sepsis,Unit Distance,0.0,0.075,0.0921,0.0
