log,method,accuracy,f1
BPIC12_O,one_hot,0.7759543962687856,0.7694147826622317
