log,method,accuracy,f1
BPIC15_2,one_hot,0.2802495291902072,0.2257511019999457
