log,method,accuracy,f1
Helpdesk,one_hot,0.7710079275198188,0.7134946688940675
