log,method,accuracy,f1
env_permit,one_hot,0.8940438871473354,0.887497153401201
