log,method,accuracy,f1
BPIC12_W,one_hot,0.8412467598153885,0.8347316494835828
