r,w,diameter,precision@w-1,precision@1,triplet
1,2,0.8325865004737835,0.0,0.0,0.0
2,2,0.3125581319528908,0.5,0.5,0.9868090452261307
