r,w,diameter,precision@w-1,precision@1,triplet
1,2,0.516357664347016,0.0,0.0,0.6549118387909321
2,2,0.4963301627262538,0.0,0.0,0.6595477386934674
