log,method,accuracy,f1
SEPSIS,one_hot,0.6260632868322559,0.6181817109523675
