log,method,accuracy,f1
BPIC15_3,one_hot,0.268548177646957,0.25298710843131955
