log,method,accuracy,f1
BPIC15_5,one_hot,0.320377000073062,0.2821591514960298
